File,LOC,SLOC-P,SLOC-L,MVG,BLOC,C&SLOC,CLOC,CWORD,HCLOC,HCWORD
C:\Users\sainath\Desktop\SM-A2\Sourch codes\1.0.1\freemind 1.0.1\accessories\plugins\ApplyFormatPlugin.java,72,32,23,2,7,0,33,187,25,167
C:\Users\sainath\Desktop\SM-A2\Sourch codes\1.0.1\freemind 1.0.1\accessories\plugins\AutomaticLayout.java,467,314,226,23,74,0,79,264,23,151
C:\Users\sainath\Desktop\SM-A2\Sourch codes\1.0.1\freemind 1.0.1\accessories\plugins\BlinkingNodeHook.java,123,65,50,5,16,0,42,204,20,153
C:\Users\sainath\Desktop\SM-A2\Sourch codes\1.0.1\freemind 1.0.1\accessories\plugins\ChangeNodeLevelAction.java,187,119,84,19,17,0,51,285,22,143
C:\Users\sainath\Desktop\SM-A2\Sourch codes\1.0.1\freemind 1.0.1\accessories\plugins\ChangeRootNode.java,199,105,83,10,23,0,71,296,19,145
C:\Users\sainath\Desktop\SM-A2\Sourch codes\1.0.1\freemind 1.0.1\accessories\plugins\ClonePasteAction.java,807,582,400,96,60,2,165,786,19,145
C:\Users\sainath\Desktop\SM-A2\Sourch codes\1.0.1\freemind 1.0.1\accessories\plugins\ClonePlugin.java,381,273,197,40,36,0,72,365,19,145
C:\Users\sainath\Desktop\SM-A2\Sourch codes\1.0.1\freemind 1.0.1\accessories\plugins\CreationModificationPlugin.java,138,61,45,3,17,0,60,204,23,151
C:\Users\sainath\Desktop\SM-A2\Sourch codes\1.0.1\freemind 1.0.1\accessories\plugins\DeactivateCloneAction.java,68,25,19,4,10,0,33,178,19,145
C:\Users\sainath\Desktop\SM-A2\Sourch codes\1.0.1\freemind 1.0.1\accessories\plugins\EncryptNode.java,269,178,124,19,20,1,71,257,22,143
C:\Users\sainath\Desktop\SM-A2\Sourch codes\1.0.1\freemind 1.0.1\accessories\plugins\ExportToImage.java,128,64,50,4,14,0,50,211,23,151
C:\Users\sainath\Desktop\SM-A2\Sourch codes\1.0.1\freemind 1.0.1\accessories\plugins\ExportToOoWriter.java,198,126,95,14,18,2,54,229,23,151
C:\Users\sainath\Desktop\SM-A2\Sourch codes\1.0.1\freemind 1.0.1\accessories\plugins\ExportWithXSLT.java,374,252,181,43,28,1,94,346,25,167
C:\Users\sainath\Desktop\SM-A2\Sourch codes\1.0.1\freemind 1.0.1\accessories\plugins\FitToPage.java,96,51,40,3,13,0,32,168,23,151
C:\Users\sainath\Desktop\SM-A2\Sourch codes\1.0.1\freemind 1.0.1\accessories\plugins\FormatNewNodes.java,126,74,58,6,20,0,32,186,21,148
C:\Users\sainath\Desktop\SM-A2\Sourch codes\1.0.1\freemind 1.0.1\accessories\plugins\FormatPaste.java,74,34,24,2,11,1,29,160,21,148
C:\Users\sainath\Desktop\SM-A2\Sourch codes\1.0.1\freemind 1.0.1\accessories\plugins\FormularEditor.java,421,280,217,22,44,0,97,271,23,151
C:\Users\sainath\Desktop\SM-A2\Sourch codes\1.0.1\freemind 1.0.1\accessories\plugins\HierarchicalIcons.java,220,127,93,17,25,1,68,249,18,137
C:\Users\sainath\Desktop\SM-A2\Sourch codes\1.0.1\freemind 1.0.1\accessories\plugins\IconSelectionPlugin.java,96,43,37,1,12,0,41,202,25,167
C:\Users\sainath\Desktop\SM-A2\Sourch codes\1.0.1\freemind 1.0.1\accessories\plugins\ImportMindmanagerFiles.java,143,92,73,8,18,3,33,201,18,137
C:\Users\sainath\Desktop\SM-A2\Sourch codes\1.0.1\freemind 1.0.1\accessories\plugins\JumpLastEditLocation.java,202,141,104,19,25,0,36,216,21,148
C:\Users\sainath\Desktop\SM-A2\Sourch codes\1.0.1\freemind 1.0.1\accessories\plugins\LogFileViewer.java,505,310,221,27,64,0,131,431,19,145
C:\Users\sainath\Desktop\SM-A2\Sourch codes\1.0.1\freemind 1.0.1\accessories\plugins\ManagePatterns.java,72,35,26,1,9,0,28,168,19,145
C:\Users\sainath\Desktop\SM-A2\Sourch codes\1.0.1\freemind 1.0.1\accessories\plugins\NewParentNode.java,180,88,66,16,15,0,77,482,23,151
C:\Users\sainath\Desktop\SM-A2\Sourch codes\1.0.1\freemind 1.0.1\accessories\plugins\NodeHistory.java,301,210,151,34,35,0,56,288,23,151
C:\Users\sainath\Desktop\SM-A2\Sourch codes\1.0.1\freemind 1.0.1\accessories\plugins\NodeNote.java,116,59,45,5,15,0,42,206,18,138
C:\Users\sainath\Desktop\SM-A2\Sourch codes\1.0.1\freemind 1.0.1\accessories\plugins\NodeNoteRegistration.java,524,372,262,45,63,0,89,457,22,154
C:\Users\sainath\Desktop\SM-A2\Sourch codes\1.0.1\freemind 1.0.1\accessories\plugins\RemoveNote.java,120,77,49,10,18,0,25,154,21,148
C:\Users\sainath\Desktop\SM-A2\Sourch codes\1.0.1\freemind 1.0.1\accessories\plugins\RevisionPlugin.java,112,41,30,2,13,0,58,204,23,151
C:\Users\sainath\Desktop\SM-A2\Sourch codes\1.0.1\freemind 1.0.1\accessories\plugins\SaveAll.java,86,41,27,3,9,0,36,182,23,151
C:\Users\sainath\Desktop\SM-A2\Sourch codes\1.0.1\freemind 1.0.1\accessories\plugins\ShowCloneNodes.java,72,37,29,3,8,0,27,160,19,145
C:\Users\sainath\Desktop\SM-A2\Sourch codes\1.0.1\freemind 1.0.1\accessories\plugins\SortNodes.java,89,40,32,5,9,0,40,206,23,151
C:\Users\sainath\Desktop\SM-A2\Sourch codes\1.0.1\freemind 1.0.1\accessories\plugins\SplitNode.java,171,124,98,19,11,0,36,170,23,151
C:\Users\sainath\Desktop\SM-A2\Sourch codes\1.0.1\freemind 1.0.1\accessories\plugins\UnfoldAll.java,237,165,119,34,24,0,48,235,23,151
C:\Users\sainath\Desktop\SM-A2\Sourch codes\1.0.1\freemind 1.0.1\accessories\plugins\dialogs\ArrayListTransferHandler.java,212,151,111,42,24,2,37,276,19,145
C:\Users\sainath\Desktop\SM-A2\Sourch codes\1.0.1\freemind 1.0.1\accessories\plugins\dialogs\ChooseFormatPopupDialog.java,266,157,118,14,42,0,67,257,18,137
C:\Users\sainath\Desktop\SM-A2\Sourch codes\1.0.1\freemind 1.0.1\accessories\plugins\dialogs\EnterPasswordDialog.java,308,195,156,23,49,8,64,253,18,137
C:\Users\sainath\Desktop\SM-A2\Sourch codes\1.0.1\freemind 1.0.1\accessories\plugins\dialogs\ManagePatternsPopupDialog.java,716,526,386,54,80,0,110,431,19,145
C:\Users\sainath\Desktop\SM-A2\Sourch codes\1.0.1\freemind 1.0.1\accessories\plugins\time\FlatNodeTableFilterModel.java,149,75,57,9,17,0,57,238,22,158
C:\Users\sainath\Desktop\SM-A2\Sourch codes\1.0.1\freemind 1.0.1\accessories\plugins\time\JCalendar.java,671,266,206,27,82,3,323,1302,20,148
C:\Users\sainath\Desktop\SM-A2\Sourch codes\1.0.1\freemind 1.0.1\accessories\plugins\time\JDayChooser.java,1140,638,494,96,160,0,342,1405,20,148
C:\Users\sainath\Desktop\SM-A2\Sourch codes\1.0.1\freemind 1.0.1\accessories\plugins\time\JMonthChooser.java,407,200,157,25,59,0,148,631,20,148
C:\Users\sainath\Desktop\SM-A2\Sourch codes\1.0.1\freemind 1.0.1\accessories\plugins\time\JSpinField.java,368,175,135,17,34,0,159,688,20,150
C:\Users\sainath\Desktop\SM-A2\Sourch codes\1.0.1\freemind 1.0.1\accessories\plugins\time\JTripleCalendar.java,222,148,120,10,34,0,40,225,19,145
C:\Users\sainath\Desktop\SM-A2\Sourch codes\1.0.1\freemind 1.0.1\accessories\plugins\time\JYearChooser.java,153,55,43,4,16,0,82,333,20,148
C:\Users\sainath\Desktop\SM-A2\Sourch codes\1.0.1\freemind 1.0.1\accessories\plugins\time\ReminderHook.java,48,18,13,1,9,0,21,148,21,148
C:\Users\sainath\Desktop\SM-A2\Sourch codes\1.0.1\freemind 1.0.1\accessories\plugins\time\RemoveReminderHook.java,57,20,16,1,7,0,30,170,21,148
C:\Users\sainath\Desktop\SM-A2\Sourch codes\1.0.1\freemind 1.0.1\accessories\plugins\time\TableSorter.java,524,349,260,59,66,1,109,813,19,145
C:\Users\sainath\Desktop\SM-A2\Sourch codes\1.0.1\freemind 1.0.1\accessories\plugins\time\TimeList.java,1125,819,578,84,141,3,165,565,21,148
C:\Users\sainath\Desktop\SM-A2\Sourch codes\1.0.1\freemind 1.0.1\accessories\plugins\time\TimeManagement.java,491,376,261,22,59,4,56,244,21,148
C:\Users\sainath\Desktop\SM-A2\Sourch codes\1.0.1\freemind 1.0.1\accessories\plugins\time\TimeManagementOrganizer.java,100,53,39,9,11,0,36,180,21,148
C:\Users\sainath\Desktop\SM-A2\Sourch codes\1.0.1\freemind 1.0.1\accessories\plugins\util\html\ClickableImageCreator.java,138,82,62,6,24,0,32,201,18,137
C:\Users\sainath\Desktop\SM-A2\Sourch codes\1.0.1\freemind 1.0.1\accessories\plugins\util\window\WindowClosingAdapter.java,54,19,14,1,7,0,28,182,20,147
C:\Users\sainath\Desktop\SM-A2\Sourch codes\1.0.1\freemind 1.0.1\accessories\plugins\util\xslt\ExportDialog.java,300,214,167,12,35,15,51,281,20,147
C:\Users\sainath\Desktop\SM-A2\Sourch codes\1.0.1\freemind 1.0.1\accessories\plugins\util\xslt\XmlExporter.java,74,28,24,0,11,0,35,190,24,156
C:\Users\sainath\Desktop\SM-A2\Sourch codes\1.0.1\freemind 1.0.1\de\foltin\CompileXsdStart.java,779,611,386,62,84,25,84,421,22,152
C:\Users\sainath\Desktop\SM-A2\Sourch codes\1.0.1\freemind 1.0.1\de\foltin\StringEncoder.java,147,73,47,19,17,0,57,273,4,19
C:\Users\sainath\Desktop\SM-A2\Sourch codes\1.0.1\freemind 1.0.1\freemind\common\BooleanProperty.java,97,52,37,5,21,0,24,164,22,162
C:\Users\sainath\Desktop\SM-A2\Sourch codes\1.0.1\freemind 1.0.1\freemind\common\ColorProperty.java,154,93,70,8,26,0,35,191,22,156
C:\Users\sainath\Desktop\SM-A2\Sourch codes\1.0.1\freemind 1.0.1\freemind\common\ComboProperty.java,153,95,68,7,22,0,36,212,22,156
C:\Users\sainath\Desktop\SM-A2\Sourch codes\1.0.1\freemind 1.0.1\freemind\common\DontShowNotificationProperty.java,34,8,6,0,4,0,22,162,22,162
C:\Users\sainath\Desktop\SM-A2\Sourch codes\1.0.1\freemind 1.0.1\freemind\common\FontProperty.java,108,63,47,6,20,0,25,161,22,156
C:\Users\sainath\Desktop\SM-A2\Sourch codes\1.0.1\freemind 1.0.1\freemind\common\FreeMindProgressMonitor.java,169,111,86,7,15,0,43,209,19,145
C:\Users\sainath\Desktop\SM-A2\Sourch codes\1.0.1\freemind 1.0.1\freemind\common\FreeMindTask.java,198,127,101,12,21,2,50,279,19,145
C:\Users\sainath\Desktop\SM-A2\Sourch codes\1.0.1\freemind 1.0.1\freemind\common\IconProperty.java,125,79,62,7,21,0,25,162,22,156
C:\Users\sainath\Desktop\SM-A2\Sourch codes\1.0.1\freemind 1.0.1\freemind\common\NamedObject.java,67,30,22,6,9,0,28,170,23,151
C:\Users\sainath\Desktop\SM-A2\Sourch codes\1.0.1\freemind 1.0.1\freemind\common\NextLineProperty.java,49,18,12,2,9,0,22,156,22,156
C:\Users\sainath\Desktop\SM-A2\Sourch codes\1.0.1\freemind 1.0.1\freemind\common\NumberProperty.java,108,64,50,5,16,0,28,173,22,156
C:\Users\sainath\Desktop\SM-A2\Sourch codes\1.0.1\freemind 1.0.1\freemind\common\OptionalDontShowMeAgainDialog.java,234,172,121,13,20,0,42,249,22,154
C:\Users\sainath\Desktop\SM-A2\Sourch codes\1.0.1\freemind 1.0.1\freemind\common\PasswordProperty.java,55,18,13,1,10,0,27,161,19,145
C:\Users\sainath\Desktop\SM-A2\Sourch codes\1.0.1\freemind 1.0.1\freemind\common\PropertyBean.java,57,25,19,1,9,0,23,163,22,156
C:\Users\sainath\Desktop\SM-A2\Sourch codes\1.0.1\freemind 1.0.1\freemind\common\PropertyControl.java,36,8,7,0,6,0,22,156,22,156
C:\Users\sainath\Desktop\SM-A2\Sourch codes\1.0.1\freemind 1.0.1\freemind\common\RemindValueProperty.java,59,22,15,0,8,1,29,166,22,154
C:\Users\sainath\Desktop\SM-A2\Sourch codes\1.0.1\freemind 1.0.1\freemind\common\ScriptEditorProperty.java,138,82,59,8,24,0,32,177,22,156
C:\Users\sainath\Desktop\SM-A2\Sourch codes\1.0.1\freemind 1.0.1\freemind\common\SeparatorProperty.java,52,20,14,2,10,0,22,156,22,156
C:\Users\sainath\Desktop\SM-A2\Sourch codes\1.0.1\freemind 1.0.1\freemind\common\StringProperty.java,97,46,35,3,18,0,33,177,22,156
C:\Users\sainath\Desktop\SM-A2\Sourch codes\1.0.1\freemind 1.0.1\freemind\common\TextTranslator.java,28,4,3,0,2,0,22,154,22,154
C:\Users\sainath\Desktop\SM-A2\Sourch codes\1.0.1\freemind 1.0.1\freemind\common\ThreeCheckBoxProperty.java,166,102,75,18,35,1,29,172,22,162
C:\Users\sainath\Desktop\SM-A2\Sourch codes\1.0.1\freemind 1.0.1\freemind\common\UnicodeReader.java,129,69,54,12,15,0,45,200,0,0
C:\Users\sainath\Desktop\SM-A2\Sourch codes\1.0.1\freemind 1.0.1\freemind\common\XmlBindingTools.java,189,132,99,18,23,0,34,190,22,156
C:\Users\sainath\Desktop\SM-A2\Sourch codes\1.0.1\freemind 1.0.1\freemind\controller\BlindIcon.java,71,18,13,2,11,0,42,187,22,156
C:\Users\sainath\Desktop\SM-A2\Sourch codes\1.0.1\freemind 1.0.1\freemind\controller\ColorSwatch.java,57,28,21,3,10,0,19,145,19,145
C:\Users\sainath\Desktop\SM-A2\Sourch codes\1.0.1\freemind 1.0.1\freemind\controller\Controller.java,2118,1593,1150,157,270,9,255,1000,19,145
C:\Users\sainath\Desktop\SM-A2\Sourch codes\1.0.1\freemind 1.0.1\freemind\controller\FreeMindPopupMenu.java,85,44,31,4,12,0,29,159,23,147
C:\Users\sainath\Desktop\SM-A2\Sourch codes\1.0.1\freemind 1.0.1\freemind\controller\FreeMindToolBar.java,92,38,30,2,13,0,41,186,23,151
C:\Users\sainath\Desktop\SM-A2\Sourch codes\1.0.1\freemind 1.0.1\freemind\controller\LastOpenedList.java,137,84,60,13,13,2,40,242,19,145
C:\Users\sainath\Desktop\SM-A2\Sourch codes\1.0.1\freemind 1.0.1\freemind\controller\LastStateStorageManagement.java,183,137,95,25,17,0,29,170,19,145
C:\Users\sainath\Desktop\SM-A2\Sourch codes\1.0.1\freemind 1.0.1\freemind\controller\MainToolBar.java,49,21,16,1,9,0,19,145,19,145
C:\Users\sainath\Desktop\SM-A2\Sourch codes\1.0.1\freemind 1.0.1\freemind\controller\MapModuleManager.java,482,307,203,56,54,0,121,697,22,156
C:\Users\sainath\Desktop\SM-A2\Sourch codes\1.0.1\freemind 1.0.1\freemind\controller\MapMouseMotionListener.java,119,68,48,6,21,3,30,213,19,145
C:\Users\sainath\Desktop\SM-A2\Sourch codes\1.0.1\freemind 1.0.1\freemind\controller\MapMouseWheelListener.java,51,20,14,1,9,0,22,154,19,145
C:\Users\sainath\Desktop\SM-A2\Sourch codes\1.0.1\freemind 1.0.1\freemind\controller\MenuBar.java,517,370,264,18,71,2,76,372,19,145
C:\Users\sainath\Desktop\SM-A2\Sourch codes\1.0.1\freemind 1.0.1\freemind\controller\MenuItemEnabledListener.java,35,6,5,0,2,0,27,176,22,156
C:\Users\sainath\Desktop\SM-A2\Sourch codes\1.0.1\freemind 1.0.1\freemind\controller\MenuItemSelectedListener.java,30,6,5,0,2,0,22,156,22,156
C:\Users\sainath\Desktop\SM-A2\Sourch codes\1.0.1\freemind 1.0.1\freemind\controller\MindMapNodesSelection.java,164,119,85,35,12,0,33,204,22,156
C:\Users\sainath\Desktop\SM-A2\Sourch codes\1.0.1\freemind 1.0.1\freemind\controller\NodeDragListener.java,121,71,50,10,22,0,28,174,18,137
C:\Users\sainath\Desktop\SM-A2\Sourch codes\1.0.1\freemind 1.0.1\freemind\controller\NodeDropListener.java,75,38,24,5,16,0,21,151,18,137
C:\Users\sainath\Desktop\SM-A2\Sourch codes\1.0.1\freemind 1.0.1\freemind\controller\NodeKeyListener.java,65,28,18,3,14,0,23,170,19,145
C:\Users\sainath\Desktop\SM-A2\Sourch codes\1.0.1\freemind 1.0.1\freemind\controller\NodeMotionListener.java,91,50,29,7,19,0,22,155,19,145
C:\Users\sainath\Desktop\SM-A2\Sourch codes\1.0.1\freemind 1.0.1\freemind\controller\NodeMouseMotionListener.java,98,54,31,8,22,0,22,155,19,145
C:\Users\sainath\Desktop\SM-A2\Sourch codes\1.0.1\freemind 1.0.1\freemind\controller\StructuredMenuHolder.java,600,407,302,47,80,2,113,407,22,156
C:\Users\sainath\Desktop\SM-A2\Sourch codes\1.0.1\freemind 1.0.1\freemind\controller\StructuredMenuItemHolder.java,76,43,31,6,11,0,22,156,22,156
C:\Users\sainath\Desktop\SM-A2\Sourch codes\1.0.1\freemind 1.0.1\freemind\controller\ZoomListener.java,34,4,3,0,3,0,27,176,19,145
C:\Users\sainath\Desktop\SM-A2\Sourch codes\1.0.1\freemind 1.0.1\freemind\controller\filter\DefaultFilter.java,221,131,92,28,21,0,69,217,23,151
C:\Users\sainath\Desktop\SM-A2\Sourch codes\1.0.1\freemind 1.0.1\freemind\controller\filter\Filter.java,56,19,18,0,11,0,26,157,23,151
C:\Users\sainath\Desktop\SM-A2\Sourch codes\1.0.1\freemind 1.0.1\freemind\controller\filter\FilterComposerDialog.java,783,615,469,55,82,1,86,256,23,156
C:\Users\sainath\Desktop\SM-A2\Sourch codes\1.0.1\freemind 1.0.1\freemind\controller\filter\FilterController.java,219,151,108,18,28,0,40,200,23,156
C:\Users\sainath\Desktop\SM-A2\Sourch codes\1.0.1\freemind 1.0.1\freemind\controller\filter\FilterInfo.java,78,34,23,4,11,0,33,164,23,151
C:\Users\sainath\Desktop\SM-A2\Sourch codes\1.0.1\freemind 1.0.1\freemind\controller\filter\FilterToolbar.java,328,233,169,21,41,0,54,196,23,156
C:\Users\sainath\Desktop\SM-A2\Sourch codes\1.0.1\freemind 1.0.1\freemind\controller\filter\condition\AttributeCompareCondition.java,100,56,38,7,9,0,35,175,23,156
C:\Users\sainath\Desktop\SM-A2\Sourch codes\1.0.1\freemind 1.0.1\freemind\controller\filter\condition\AttributeExistsCondition.java,83,40,29,6,8,0,35,175,23,156
C:\Users\sainath\Desktop\SM-A2\Sourch codes\1.0.1\freemind 1.0.1\freemind\controller\filter\condition\AttributeNotExistsCondition.java,83,40,29,6,8,0,35,175,23,156
C:\Users\sainath\Desktop\SM-A2\Sourch codes\1.0.1\freemind 1.0.1\freemind\controller\filter\condition\CompareConditionAdapter.java,93,62,43,8,8,0,23,151,23,151
C:\Users\sainath\Desktop\SM-A2\Sourch codes\1.0.1\freemind 1.0.1\freemind\controller\filter\condition\Condition.java,39,10,9,0,6,0,23,156,23,156
C:\Users\sainath\Desktop\SM-A2\Sourch codes\1.0.1\freemind 1.0.1\freemind\controller\filter\condition\ConditionFactory.java,249,200,100,101,17,0,32,163,23,151
C:\Users\sainath\Desktop\SM-A2\Sourch codes\1.0.1\freemind 1.0.1\freemind\controller\filter\condition\ConditionNotSatisfiedDecorator.java,100,45,36,3,12,0,43,180,23,151
C:\Users\sainath\Desktop\SM-A2\Sourch codes\1.0.1\freemind 1.0.1\freemind\controller\filter\condition\ConditionRenderer.java,78,36,29,5,9,0,33,171,23,151
C:\Users\sainath\Desktop\SM-A2\Sourch codes\1.0.1\freemind 1.0.1\freemind\controller\filter\condition\ConjunctConditions.java,120,66,53,9,11,0,43,180,23,151
C:\Users\sainath\Desktop\SM-A2\Sourch codes\1.0.1\freemind 1.0.1\freemind\controller\filter\condition\DisjunctConditions.java,120,66,53,9,11,0,43,180,23,151
C:\Users\sainath\Desktop\SM-A2\Sourch codes\1.0.1\freemind 1.0.1\freemind\controller\filter\condition\IconContainedCondition.java,121,75,54,17,16,0,30,170,23,156
C:\Users\sainath\Desktop\SM-A2\Sourch codes\1.0.1\freemind 1.0.1\freemind\controller\filter\condition\IconNotContainedCondition.java,111,71,54,13,14,0,26,165,23,156
C:\Users\sainath\Desktop\SM-A2\Sourch codes\1.0.1\freemind 1.0.1\freemind\controller\filter\condition\IgnoreCaseNodeContainsCondition.java,67,36,26,3,8,0,23,151,23,151
C:\Users\sainath\Desktop\SM-A2\Sourch codes\1.0.1\freemind 1.0.1\freemind\controller\filter\condition\JCondition.java,43,10,8,0,5,0,28,165,23,156
C:\Users\sainath\Desktop\SM-A2\Sourch codes\1.0.1\freemind 1.0.1\freemind\controller\filter\condition\NodeCompareCondition.java,79,48,34,4,8,0,23,151,23,151
C:\Users\sainath\Desktop\SM-A2\Sourch codes\1.0.1\freemind 1.0.1\freemind\controller\filter\condition\NodeCondition.java,60,24,17,4,10,0,26,157,23,151
C:\Users\sainath\Desktop\SM-A2\Sourch codes\1.0.1\freemind 1.0.1\freemind\controller\filter\condition\NodeContainsCondition.java,65,35,26,3,7,0,23,151,23,151
C:\Users\sainath\Desktop\SM-A2\Sourch codes\1.0.1\freemind 1.0.1\freemind\controller\filter\condition\NoFilteringCondition.java,75,39,28,7,12,0,24,159,23,155
C:\Users\sainath\Desktop\SM-A2\Sourch codes\1.0.1\freemind 1.0.1\freemind\controller\filter\condition\SelectedViewCondition.java,76,41,29,7,11,0,24,159,23,155
C:\Users\sainath\Desktop\SM-A2\Sourch codes\1.0.1\freemind 1.0.1\freemind\controller\filter\util\ExtendedComboBoxModel.java,181,105,70,17,25,0,51,191,23,151
C:\Users\sainath\Desktop\SM-A2\Sourch codes\1.0.1\freemind 1.0.1\freemind\controller\filter\util\SortedComboBoxModel.java,54,13,9,1,5,0,36,177,23,156
C:\Users\sainath\Desktop\SM-A2\Sourch codes\1.0.1\freemind 1.0.1\freemind\controller\filter\util\SortedListModel.java,55,10,9,0,9,0,36,173,24,157
C:\Users\sainath\Desktop\SM-A2\Sourch codes\1.0.1\freemind 1.0.1\freemind\controller\filter\util\SortedMapListModel.java,129,73,51,15,18,0,38,171,23,151
C:\Users\sainath\Desktop\SM-A2\Sourch codes\1.0.1\freemind 1.0.1\freemind\controller\filter\util\SortedMapVector.java,167,118,82,38,23,0,26,163,23,156
C:\Users\sainath\Desktop\SM-A2\Sourch codes\1.0.1\freemind 1.0.1\freemind\controller\printpreview\BrowseAction.java,65,36,29,1,9,0,20,154,20,154
C:\Users\sainath\Desktop\SM-A2\Sourch codes\1.0.1\freemind 1.0.1\freemind\controller\printpreview\Preview.java,123,86,65,10,17,0,20,154,20,154
C:\Users\sainath\Desktop\SM-A2\Sourch codes\1.0.1\freemind 1.0.1\freemind\controller\printpreview\PreviewDialog.java,116,80,64,7,14,0,22,160,21,159
C:\Users\sainath\Desktop\SM-A2\Sourch codes\1.0.1\freemind 1.0.1\freemind\controller\printpreview\ZoomAction.java,42,16,13,0,6,0,20,154,20,154
C:\Users\sainath\Desktop\SM-A2\Sourch codes\1.0.1\freemind 1.0.1\freemind\extensions\DontSaveMarker.java,34,3,2,0,4,0,27,198,19,145
C:\Users\sainath\Desktop\SM-A2\Sourch codes\1.0.1\freemind 1.0.1\freemind\extensions\ExportHook.java,239,146,103,21,28,2,65,325,22,156
C:\Users\sainath\Desktop\SM-A2\Sourch codes\1.0.1\freemind 1.0.1\freemind\extensions\HookAdapter.java,160,62,43,9,23,0,75,253,23,151
C:\Users\sainath\Desktop\SM-A2\Sourch codes\1.0.1\freemind 1.0.1\freemind\extensions\HookDescriptorBase.java,179,108,81,25,18,0,53,248,22,158
C:\Users\sainath\Desktop\SM-A2\Sourch codes\1.0.1\freemind 1.0.1\freemind\extensions\HookDescriptorPluginAction.java,144,88,63,20,17,0,39,230,22,156
C:\Users\sainath\Desktop\SM-A2\Sourch codes\1.0.1\freemind 1.0.1\freemind\extensions\HookDescriptorRegistration.java,62,22,16,3,11,0,29,171,22,158
C:\Users\sainath\Desktop\SM-A2\Sourch codes\1.0.1\freemind 1.0.1\freemind\extensions\HookFactory.java,116,29,22,0,20,0,67,388,22,156
C:\Users\sainath\Desktop\SM-A2\Sourch codes\1.0.1\freemind 1.0.1\freemind\extensions\HookFactoryAdapter.java,84,31,19,5,10,0,43,239,22,156
C:\Users\sainath\Desktop\SM-A2\Sourch codes\1.0.1\freemind 1.0.1\freemind\extensions\HookInstanciationMethod.java,185,117,74,17,23,0,45,261,22,156
C:\Users\sainath\Desktop\SM-A2\Sourch codes\1.0.1\freemind 1.0.1\freemind\extensions\HookRegistration.java,37,5,4,0,6,0,26,162,22,156
C:\Users\sainath\Desktop\SM-A2\Sourch codes\1.0.1\freemind 1.0.1\freemind\extensions\ImportWizard.java,242,129,93,17,18,1,95,496,25,168
C:\Users\sainath\Desktop\SM-A2\Sourch codes\1.0.1\freemind 1.0.1\freemind\extensions\MindMapHook.java,99,17,15,0,15,0,67,417,19,145
C:\Users\sainath\Desktop\SM-A2\Sourch codes\1.0.1\freemind 1.0.1\freemind\extensions\ModeControllerHook.java,37,3,2,0,3,0,31,190,25,167
C:\Users\sainath\Desktop\SM-A2\Sourch codes\1.0.1\freemind 1.0.1\freemind\extensions\ModeControllerHookAdapter.java,50,7,4,0,5,0,38,203,25,167
C:\Users\sainath\Desktop\SM-A2\Sourch codes\1.0.1\freemind 1.0.1\freemind\extensions\NodeHook.java,38,8,7,0,7,0,23,154,19,145
C:\Users\sainath\Desktop\SM-A2\Sourch codes\1.0.1\freemind 1.0.1\freemind\extensions\NodeHookAdapter.java,89,32,23,3,16,0,41,172,19,145
C:\Users\sainath\Desktop\SM-A2\Sourch codes\1.0.1\freemind 1.0.1\freemind\extensions\PermanentNodeHook.java,124,23,22,0,19,0,82,439,25,167
C:\Users\sainath\Desktop\SM-A2\Sourch codes\1.0.1\freemind 1.0.1\freemind\extensions\PermanentNodeHookAdapter.java,252,104,72,7,35,0,113,311,25,167
C:\Users\sainath\Desktop\SM-A2\Sourch codes\1.0.1\freemind 1.0.1\freemind\extensions\PermanentNodeHookSubstituteUnknown.java,61,26,19,2,13,0,22,162,19,145
C:\Users\sainath\Desktop\SM-A2\Sourch codes\1.0.1\freemind 1.0.1\freemind\extensions\UndoEventReceiver.java,43,3,2,0,4,0,36,226,22,156
C:\Users\sainath\Desktop\SM-A2\Sourch codes\1.0.1\freemind 1.0.1\freemind\main\Base64Coding.java,177,99,81,14,19,1,59,422,36,294
C:\Users\sainath\Desktop\SM-A2\Sourch codes\1.0.1\freemind 1.0.1\freemind\main\EditServer.java,243,128,101,12,32,6,83,489,21,143
C:\Users\sainath\Desktop\SM-A2\Sourch codes\1.0.1\freemind 1.0.1\freemind\main\ExampleFileFilter.java,275,99,70,21,20,0,156,926,56,439
C:\Users\sainath\Desktop\SM-A2\Sourch codes\1.0.1\freemind 1.0.1\freemind\main\FeedBack.java,33,7,6,0,4,0,22,156,22,156
C:\Users\sainath\Desktop\SM-A2\Sourch codes\1.0.1\freemind 1.0.1\freemind\main\FixedHTMLWriter.java,124,63,48,10,10,0,51,231,0,0
C:\Users\sainath\Desktop\SM-A2\Sourch codes\1.0.1\freemind 1.0.1\freemind\main\FreeMind.java,1465,1027,782,113,212,5,226,1204,19,150
C:\Users\sainath\Desktop\SM-A2\Sourch codes\1.0.1\freemind 1.0.1\freemind\main\FreeMindApplet.java,441,308,228,46,69,5,64,309,19,145
C:\Users\sainath\Desktop\SM-A2\Sourch codes\1.0.1\freemind 1.0.1\freemind\main\FreeMindCommon.java,414,239,169,44,39,0,136,682,22,156
C:\Users\sainath\Desktop\SM-A2\Sourch codes\1.0.1\freemind 1.0.1\freemind\main\FreeMindMain.java,281,150,126,11,53,0,78,461,19,145
C:\Users\sainath\Desktop\SM-A2\Sourch codes\1.0.1\freemind 1.0.1\freemind\main\FreeMindSecurityManager.java,257,180,110,38,40,0,37,230,22,152
C:\Users\sainath\Desktop\SM-A2\Sourch codes\1.0.1\freemind 1.0.1\freemind\main\FreeMindSplashModern.java,225,160,124,7,31,3,34,164,16,83
C:\Users\sainath\Desktop\SM-A2\Sourch codes\1.0.1\freemind 1.0.1\freemind\main\FreeMindStarter.java,221,154,110,12,21,0,46,295,22,158
C:\Users\sainath\Desktop\SM-A2\Sourch codes\1.0.1\freemind 1.0.1\freemind\main\HtmlTools.java,740,510,352,104,55,15,175,868,19,145
C:\Users\sainath\Desktop\SM-A2\Sourch codes\1.0.1\freemind 1.0.1\freemind\main\IFreeMindSplash.java,38,8,7,0,9,0,21,151,19,145
C:\Users\sainath\Desktop\SM-A2\Sourch codes\1.0.1\freemind 1.0.1\freemind\main\LogFileLogHandler.java,81,32,21,3,14,0,35,171,19,145
C:\Users\sainath\Desktop\SM-A2\Sourch codes\1.0.1\freemind 1.0.1\freemind\main\LoggingOutputStream.java,58,28,23,1,9,0,21,77,0,0
C:\Users\sainath\Desktop\SM-A2\Sourch codes\1.0.1\freemind 1.0.1\freemind\main\Resources.java,169,109,78,23,28,0,32,192,23,158
C:\Users\sainath\Desktop\SM-A2\Sourch codes\1.0.1\freemind 1.0.1\freemind\main\StdFormatter.java,72,29,21,4,9,0,34,207,19,150
C:\Users\sainath\Desktop\SM-A2\Sourch codes\1.0.1\freemind 1.0.1\freemind\main\Tools.java,2029,1417,1004,259,239,10,373,1651,19,156
C:\Users\sainath\Desktop\SM-A2\Sourch codes\1.0.1\freemind 1.0.1\freemind\main\XHTMLWriter.java,250,115,87,13,19,10,116,581,0,0
C:\Users\sainath\Desktop\SM-A2\Sourch codes\1.0.1\freemind 1.0.1\freemind\main\XMLElement.java,3207,954,702,182,129,12,2124,7484,50,350
C:\Users\sainath\Desktop\SM-A2\Sourch codes\1.0.1\freemind 1.0.1\freemind\main\XMLParseException.java,175,21,12,1,10,0,144,624,50,336
C:\Users\sainath\Desktop\SM-A2\Sourch codes\1.0.1\freemind 1.0.1\freemind\modes\ArrowLinkAdapter.java,177,130,94,23,23,0,24,175,19,145
C:\Users\sainath\Desktop\SM-A2\Sourch codes\1.0.1\freemind 1.0.1\freemind\modes\ArrowLinkTarget.java,80,34,24,4,12,0,34,201,19,145
C:\Users\sainath\Desktop\SM-A2\Sourch codes\1.0.1\freemind 1.0.1\freemind\modes\CloudAdapter.java,154,101,71,19,25,0,28,180,19,145
C:\Users\sainath\Desktop\SM-A2\Sourch codes\1.0.1\freemind 1.0.1\freemind\modes\ControllerAdapter.java,1620,1145,803,178,172,13,303,1488,18,137
C:\Users\sainath\Desktop\SM-A2\Sourch codes\1.0.1\freemind 1.0.1\freemind\modes\EdgeAdapter.java,199,138,100,38,33,0,28,167,18,150
C:\Users\sainath\Desktop\SM-A2\Sourch codes\1.0.1\freemind 1.0.1\freemind\modes\FreeMindAwtFileDialog.java,327,181,128,26,52,0,94,276,19,145
C:\Users\sainath\Desktop\SM-A2\Sourch codes\1.0.1\freemind 1.0.1\freemind\modes\FreeMindFileDialog.java,89,23,21,0,20,0,46,222,19,145
C:\Users\sainath\Desktop\SM-A2\Sourch codes\1.0.1\freemind 1.0.1\freemind\modes\FreeMindJFileDialog.java,86,35,26,3,14,0,37,187,19,145
C:\Users\sainath\Desktop\SM-A2\Sourch codes\1.0.1\freemind 1.0.1\freemind\modes\HistoryInformation.java,70,27,20,2,8,0,35,204,22,156
C:\Users\sainath\Desktop\SM-A2\Sourch codes\1.0.1\freemind 1.0.1\freemind\modes\IconInformation.java,15,9,8,0,6,0,0,0,0,0
C:\Users\sainath\Desktop\SM-A2\Sourch codes\1.0.1\freemind 1.0.1\freemind\modes\LineAdapter.java,173,94,69,19,31,0,48,245,19,145
C:\Users\sainath\Desktop\SM-A2\Sourch codes\1.0.1\freemind 1.0.1\freemind\modes\LinkAdapter.java,139,82,58,11,24,0,33,178,19,145
C:\Users\sainath\Desktop\SM-A2\Sourch codes\1.0.1\freemind 1.0.1\freemind\modes\MapAdapter.java,516,347,236,53,56,0,113,585,18,137
C:\Users\sainath\Desktop\SM-A2\Sourch codes\1.0.1\freemind 1.0.1\freemind\modes\MapRegistry.java,113,68,52,9,14,0,31,164,23,151
C:\Users\sainath\Desktop\SM-A2\Sourch codes\1.0.1\freemind 1.0.1\freemind\modes\MindIcon.java,257,149,109,33,32,1,76,380,18,142
C:\Users\sainath\Desktop\SM-A2\Sourch codes\1.0.1\freemind 1.0.1\freemind\modes\MindMap.java,184,49,43,0,36,0,99,514,18,137
C:\Users\sainath\Desktop\SM-A2\Sourch codes\1.0.1\freemind 1.0.1\freemind\modes\MindMapArrowLink.java,68,17,15,0,17,2,34,218,19,145
C:\Users\sainath\Desktop\SM-A2\Sourch codes\1.0.1\freemind 1.0.1\freemind\modes\MindMapCloud.java,58,9,8,0,9,0,40,251,19,145
C:\Users\sainath\Desktop\SM-A2\Sourch codes\1.0.1\freemind 1.0.1\freemind\modes\MindMapEdge.java,40,7,6,0,7,0,26,176,19,145
C:\Users\sainath\Desktop\SM-A2\Sourch codes\1.0.1\freemind 1.0.1\freemind\modes\MindMapLine.java,42,11,10,0,11,0,20,155,19,145
C:\Users\sainath\Desktop\SM-A2\Sourch codes\1.0.1\freemind 1.0.1\freemind\modes\MindMapLink.java,46,8,7,0,12,0,26,176,19,145
C:\Users\sainath\Desktop\SM-A2\Sourch codes\1.0.1\freemind 1.0.1\freemind\modes\MindMapLinkRegistry.java,362,212,154,46,35,3,115,635,19,145
C:\Users\sainath\Desktop\SM-A2\Sourch codes\1.0.1\freemind 1.0.1\freemind\modes\MindMapNode.java,449,129,127,0,110,0,210,1073,18,137
C:\Users\sainath\Desktop\SM-A2\Sourch codes\1.0.1\freemind 1.0.1\freemind\modes\Mode.java,59,21,17,1,14,0,24,161,18,137
C:\Users\sainath\Desktop\SM-A2\Sourch codes\1.0.1\freemind 1.0.1\freemind\modes\ModeController.java,392,116,111,0,93,0,183,955,18,137
C:\Users\sainath\Desktop\SM-A2\Sourch codes\1.0.1\freemind 1.0.1\freemind\modes\ModesCreator.java,105,57,47,7,15,0,33,204,18,137
C:\Users\sainath\Desktop\SM-A2\Sourch codes\1.0.1\freemind 1.0.1\freemind\modes\NodeAdapter.java,1512,1061,745,236,203,18,248,1114,18,137
C:\Users\sainath\Desktop\SM-A2\Sourch codes\1.0.1\freemind 1.0.1\freemind\modes\NodeDownAction.java,47,18,15,0,8,0,21,148,21,148
C:\Users\sainath\Desktop\SM-A2\Sourch codes\1.0.1\freemind 1.0.1\freemind\modes\NodeViewEvent.java,38,8,6,0,4,0,26,163,23,156
C:\Users\sainath\Desktop\SM-A2\Sourch codes\1.0.1\freemind 1.0.1\freemind\modes\NodeViewEventListener.java,42,6,5,0,6,0,30,167,23,156
C:\Users\sainath\Desktop\SM-A2\Sourch codes\1.0.1\freemind 1.0.1\freemind\modes\StylePattern.java,578,268,177,54,68,0,242,914,18,137
C:\Users\sainath\Desktop\SM-A2\Sourch codes\1.0.1\freemind 1.0.1\freemind\modes\StylePatternFactory.java,358,290,195,45,25,0,43,268,19,145
C:\Users\sainath\Desktop\SM-A2\Sourch codes\1.0.1\freemind 1.0.1\freemind\modes\XMLElementAdapter.java,651,496,387,63,49,5,106,654,18,137
C:\Users\sainath\Desktop\SM-A2\Sourch codes\1.0.1\freemind 1.0.1\freemind\modes\attributes\Attribute.java,74,32,23,3,10,0,32,173,23,156
C:\Users\sainath\Desktop\SM-A2\Sourch codes\1.0.1\freemind 1.0.1\freemind\modes\attributes\AttributeController.java,62,21,17,0,18,0,23,156,23,156
C:\Users\sainath\Desktop\SM-A2\Sourch codes\1.0.1\freemind 1.0.1\freemind\modes\attributes\AttributeRegistry.java,427,311,224,53,53,0,63,246,23,156
C:\Users\sainath\Desktop\SM-A2\Sourch codes\1.0.1\freemind 1.0.1\freemind\modes\attributes\AttributeRegistryComboBoxColumnModel.java,163,64,45,9,17,0,82,239,23,156
C:\Users\sainath\Desktop\SM-A2\Sourch codes\1.0.1\freemind 1.0.1\freemind\modes\attributes\AttributeRegistryElement.java,188,129,93,14,31,0,28,165,23,156
C:\Users\sainath\Desktop\SM-A2\Sourch codes\1.0.1\freemind 1.0.1\freemind\modes\attributes\AttributeRegistryTableModel.java,187,121,73,35,21,0,45,189,23,156
C:\Users\sainath\Desktop\SM-A2\Sourch codes\1.0.1\freemind 1.0.1\freemind\modes\attributes\AttributeTableLayoutModel.java,105,51,37,7,13,0,41,231,23,156
C:\Users\sainath\Desktop\SM-A2\Sourch codes\1.0.1\freemind 1.0.1\freemind\modes\attributes\AttributeTableModel.java,47,12,11,0,9,0,26,163,23,156
C:\Users\sainath\Desktop\SM-A2\Sourch codes\1.0.1\freemind 1.0.1\freemind\modes\attributes\ColumnWidthChangeEvent.java,45,12,9,1,5,0,28,165,23,156
C:\Users\sainath\Desktop\SM-A2\Sourch codes\1.0.1\freemind 1.0.1\freemind\modes\attributes\ColumnWidthChangeListener.java,38,5,4,0,5,0,28,165,23,156
C:\Users\sainath\Desktop\SM-A2\Sourch codes\1.0.1\freemind 1.0.1\freemind\modes\attributes\NodeAttributeTableModel.java,276,176,121,32,36,0,64,223,23,156
C:\Users\sainath\Desktop\SM-A2\Sourch codes\1.0.1\freemind 1.0.1\freemind\modes\browsemode\BrowseArrowLinkModel.java,59,24,16,3,11,0,24,164,19,145
C:\Users\sainath\Desktop\SM-A2\Sourch codes\1.0.1\freemind 1.0.1\freemind\modes\browsemode\BrowseCloudModel.java,39,13,10,1,7,0,19,145,19,145
C:\Users\sainath\Desktop\SM-A2\Sourch codes\1.0.1\freemind 1.0.1\freemind\modes\browsemode\BrowseController.java,426,248,178,26,53,0,125,434,18,137
C:\Users\sainath\Desktop\SM-A2\Sourch codes\1.0.1\freemind 1.0.1\freemind\modes\browsemode\BrowseEdgeModel.java,48,20,15,1,9,0,19,145,19,145
C:\Users\sainath\Desktop\SM-A2\Sourch codes\1.0.1\freemind 1.0.1\freemind\modes\browsemode\BrowseHookFactory.java,145,51,40,9,15,0,79,243,21,148
C:\Users\sainath\Desktop\SM-A2\Sourch codes\1.0.1\freemind 1.0.1\freemind\modes\browsemode\BrowseMapModel.java,184,102,73,14,25,0,57,214,18,137
C:\Users\sainath\Desktop\SM-A2\Sourch codes\1.0.1\freemind 1.0.1\freemind\modes\browsemode\BrowseMode.java,86,46,34,5,17,0,23,162,18,137
C:\Users\sainath\Desktop\SM-A2\Sourch codes\1.0.1\freemind 1.0.1\freemind\modes\browsemode\BrowseNodeModel.java,65,24,19,2,11,0,30,181,19,145
C:\Users\sainath\Desktop\SM-A2\Sourch codes\1.0.1\freemind 1.0.1\freemind\modes\browsemode\BrowsePopupMenu.java,75,34,27,0,13,0,28,160,19,145
C:\Users\sainath\Desktop\SM-A2\Sourch codes\1.0.1\freemind 1.0.1\freemind\modes\browsemode\BrowseReminderHook.java,66,15,11,0,8,0,43,182,21,148
C:\Users\sainath\Desktop\SM-A2\Sourch codes\1.0.1\freemind 1.0.1\freemind\modes\browsemode\BrowseToolBar.java,72,39,31,2,14,0,19,143,18,137
C:\Users\sainath\Desktop\SM-A2\Sourch codes\1.0.1\freemind 1.0.1\freemind\modes\browsemode\BrowseXMLElement.java,95,58,41,9,16,0,21,163,18,137
C:\Users\sainath\Desktop\SM-A2\Sourch codes\1.0.1\freemind 1.0.1\freemind\modes\browsemode\EncryptedBrowseNode.java,150,93,72,8,18,0,39,192,21,148
C:\Users\sainath\Desktop\SM-A2\Sourch codes\1.0.1\freemind 1.0.1\freemind\modes\browsemode\NodeNoteViewer.java,104,58,43,4,18,0,28,158,18,138
C:\Users\sainath\Desktop\SM-A2\Sourch codes\1.0.1\freemind 1.0.1\freemind\modes\common\CommonNodeKeyListener.java,175,107,71,11,31,3,37,244,18,137
C:\Users\sainath\Desktop\SM-A2\Sourch codes\1.0.1\freemind 1.0.1\freemind\modes\common\CommonToggleFoldedAction.java,116,61,47,10,15,0,40,237,21,148
C:\Users\sainath\Desktop\SM-A2\Sourch codes\1.0.1\freemind 1.0.1\freemind\modes\common\GotoLinkNodeAction.java,61,26,20,1,10,0,25,181,21,148
C:\Users\sainath\Desktop\SM-A2\Sourch codes\1.0.1\freemind 1.0.1\freemind\modes\common\actions\FindAction.java,453,337,241,44,50,2,66,407,19,145
C:\Users\sainath\Desktop\SM-A2\Sourch codes\1.0.1\freemind 1.0.1\freemind\modes\common\actions\NewMapAction.java,54,16,12,0,7,0,31,203,25,167
C:\Users\sainath\Desktop\SM-A2\Sourch codes\1.0.1\freemind 1.0.1\freemind\modes\common\dialogs\EnterPasswordDialog.java,313,201,161,23,48,9,64,255,18,137
C:\Users\sainath\Desktop\SM-A2\Sourch codes\1.0.1\freemind 1.0.1\freemind\modes\common\dialogs\IconSelectionPopupDialog.java,393,273,184,38,45,0,75,251,22,148
C:\Users\sainath\Desktop\SM-A2\Sourch codes\1.0.1\freemind 1.0.1\freemind\modes\common\dialogs\PersistentEditableComboBox.java,107,70,54,11,14,0,23,157,21,148
C:\Users\sainath\Desktop\SM-A2\Sourch codes\1.0.1\freemind 1.0.1\freemind\modes\common\listeners\CommonMouseMotionManager.java,85,38,29,3,17,0,30,178,21,148
C:\Users\sainath\Desktop\SM-A2\Sourch codes\1.0.1\freemind 1.0.1\freemind\modes\common\listeners\CommonNodeMouseMotionListener.java,258,142,100,17,36,0,80,480,18,137
C:\Users\sainath\Desktop\SM-A2\Sourch codes\1.0.1\freemind 1.0.1\freemind\modes\common\listeners\MindMapMouseWheelEventHandler.java,127,75,53,8,12,1,40,205,21,148
C:\Users\sainath\Desktop\SM-A2\Sourch codes\1.0.1\freemind 1.0.1\freemind\modes\common\plugins\MapNodePositionHolderBase.java,172,107,80,11,23,0,42,184,19,145
C:\Users\sainath\Desktop\SM-A2\Sourch codes\1.0.1\freemind 1.0.1\freemind\modes\common\plugins\NodeNoteBase.java,36,4,3,0,5,0,27,152,18,138
C:\Users\sainath\Desktop\SM-A2\Sourch codes\1.0.1\freemind 1.0.1\freemind\modes\common\plugins\ReminderHookBase.java,242,156,119,22,44,1,42,201,21,148
C:\Users\sainath\Desktop\SM-A2\Sourch codes\1.0.1\freemind 1.0.1\freemind\modes\filemode\FileController.java,157,96,69,10,25,1,36,202,18,137
C:\Users\sainath\Desktop\SM-A2\Sourch codes\1.0.1\freemind 1.0.1\freemind\modes\filemode\FileEdgeModel.java,33,9,7,0,5,0,19,145,19,145
C:\Users\sainath\Desktop\SM-A2\Sourch codes\1.0.1\freemind 1.0.1\freemind\modes\filemode\FileMapModel.java,170,50,36,4,32,0,88,313,18,137
C:\Users\sainath\Desktop\SM-A2\Sourch codes\1.0.1\freemind 1.0.1\freemind\modes\filemode\FileMode.java,83,44,33,6,17,0,22,153,18,137
C:\Users\sainath\Desktop\SM-A2\Sourch codes\1.0.1\freemind 1.0.1\freemind\modes\filemode\FileNodeModel.java,175,93,68,22,23,0,59,304,19,145
C:\Users\sainath\Desktop\SM-A2\Sourch codes\1.0.1\freemind 1.0.1\freemind\modes\filemode\FilePopupMenu.java,49,20,16,0,9,0,20,147,19,145
C:\Users\sainath\Desktop\SM-A2\Sourch codes\1.0.1\freemind 1.0.1\freemind\modes\filemode\FileToolBar.java,42,14,12,0,9,0,19,145,19,145
C:\Users\sainath\Desktop\SM-A2\Sourch codes\1.0.1\freemind 1.0.1\freemind\modes\mindmapmode\EncryptedMindMapNode.java,428,269,195,59,56,0,103,466,18,150
C:\Users\sainath\Desktop\SM-A2\Sourch codes\1.0.1\freemind 1.0.1\freemind\modes\mindmapmode\JAutoScrollBarPane.java,82,40,30,7,9,0,33,172,23,156
C:\Users\sainath\Desktop\SM-A2\Sourch codes\1.0.1\freemind 1.0.1\freemind\modes\mindmapmode\MindMapArrowLinkModel.java,107,68,45,12,13,0,26,165,19,145
C:\Users\sainath\Desktop\SM-A2\Sourch codes\1.0.1\freemind 1.0.1\freemind\modes\mindmapmode\MindMapCloudModel.java,34,9,7,0,6,0,19,145,19,145
C:\Users\sainath\Desktop\SM-A2\Sourch codes\1.0.1\freemind 1.0.1\freemind\modes\mindmapmode\MindMapController.java,2349,1846,1367,180,233,9,270,1052,18,142
C:\Users\sainath\Desktop\SM-A2\Sourch codes\1.0.1\freemind 1.0.1\freemind\modes\mindmapmode\MindMapEdgeModel.java,34,9,7,0,6,0,19,145,19,145
C:\Users\sainath\Desktop\SM-A2\Sourch codes\1.0.1\freemind 1.0.1\freemind\modes\mindmapmode\MindMapHTMLWriter.java,670,556,232,68,63,8,51,216,4,11
C:\Users\sainath\Desktop\SM-A2\Sourch codes\1.0.1\freemind 1.0.1\freemind\modes\mindmapmode\MindMapMapModel.java,839,635,438,81,86,19,118,672,18,142
C:\Users\sainath\Desktop\SM-A2\Sourch codes\1.0.1\freemind 1.0.1\freemind\modes\mindmapmode\MindMapMode.java,93,55,41,6,16,0,22,153,18,137
C:\Users\sainath\Desktop\SM-A2\Sourch codes\1.0.1\freemind 1.0.1\freemind\modes\mindmapmode\MindMapNodeModel.java,224,154,114,28,27,1,43,292,19,145
C:\Users\sainath\Desktop\SM-A2\Sourch codes\1.0.1\freemind 1.0.1\freemind\modes\mindmapmode\MindMapPopupMenu.java,58,22,18,1,12,0,24,163,22,161
C:\Users\sainath\Desktop\SM-A2\Sourch codes\1.0.1\freemind 1.0.1\freemind\modes\mindmapmode\MindMapToolBar.java,250,165,131,15,32,3,53,317,19,145
C:\Users\sainath\Desktop\SM-A2\Sourch codes\1.0.1\freemind 1.0.1\freemind\modes\mindmapmode\MindMapXMLElement.java,125,79,58,11,18,0,28,178,18,137
C:\Users\sainath\Desktop\SM-A2\Sourch codes\1.0.1\freemind 1.0.1\freemind\modes\mindmapmode\actions\AddArrowLinkAction.java,164,100,69,13,20,0,44,217,21,148
C:\Users\sainath\Desktop\SM-A2\Sourch codes\1.0.1\freemind 1.0.1\freemind\modes\mindmapmode\actions\AddLocalLinkAction.java,65,26,20,2,10,0,29,170,21,148
C:\Users\sainath\Desktop\SM-A2\Sourch codes\1.0.1\freemind 1.0.1\freemind\modes\mindmapmode\actions\ApplyPatternAction.java,224,168,105,42,15,2,41,222,26,173
C:\Users\sainath\Desktop\SM-A2\Sourch codes\1.0.1\freemind 1.0.1\freemind\modes\mindmapmode\actions\BoldAction.java,92,52,40,7,12,0,28,180,25,167
C:\Users\sainath\Desktop\SM-A2\Sourch codes\1.0.1\freemind 1.0.1\freemind\modes\mindmapmode\actions\ChangeArrowLinkEndPoints.java,125,59,40,5,17,0,49,190,21,148
C:\Users\sainath\Desktop\SM-A2\Sourch codes\1.0.1\freemind 1.0.1\freemind\modes\mindmapmode\actions\ChangeArrowsInArrowLinkAction.java,125,77,49,6,18,0,30,177,26,173
C:\Users\sainath\Desktop\SM-A2\Sourch codes\1.0.1\freemind 1.0.1\freemind\modes\mindmapmode\actions\CloudAction.java,118,77,55,11,16,0,25,154,21,148
C:\Users\sainath\Desktop\SM-A2\Sourch codes\1.0.1\freemind 1.0.1\freemind\modes\mindmapmode\actions\CloudColorAction.java,125,83,59,11,15,1,27,181,22,162
C:\Users\sainath\Desktop\SM-A2\Sourch codes\1.0.1\freemind 1.0.1\freemind\modes\mindmapmode\actions\ColorArrowLinkAction.java,113,66,47,6,17,0,30,177,26,173
C:\Users\sainath\Desktop\SM-A2\Sourch codes\1.0.1\freemind 1.0.1\freemind\modes\mindmapmode\actions\CompoundActionHandler.java,88,31,24,3,14,0,43,179,21,148
C:\Users\sainath\Desktop\SM-A2\Sourch codes\1.0.1\freemind 1.0.1\freemind\modes\mindmapmode\actions\CopyAction.java,52,23,17,2,7,0,22,162,22,162
C:\Users\sainath\Desktop\SM-A2\Sourch codes\1.0.1\freemind 1.0.1\freemind\modes\mindmapmode\actions\CopySingleAction.java,49,21,16,2,7,0,21,148,21,148
C:\Users\sainath\Desktop\SM-A2\Sourch codes\1.0.1\freemind 1.0.1\freemind\modes\mindmapmode\actions\CutAction.java,153,98,69,9,15,0,40,194,21,148
C:\Users\sainath\Desktop\SM-A2\Sourch codes\1.0.1\freemind 1.0.1\freemind\modes\mindmapmode\actions\DeleteChildAction.java,189,124,88,10,18,0,47,207,21,148
C:\Users\sainath\Desktop\SM-A2\Sourch codes\1.0.1\freemind 1.0.1\freemind\modes\mindmapmode\actions\EdgeColorAction.java,116,69,49,7,13,0,34,179,22,162
C:\Users\sainath\Desktop\SM-A2\Sourch codes\1.0.1\freemind 1.0.1\freemind\modes\mindmapmode\actions\EdgeStyleAction.java,114,74,54,10,15,1,25,171,22,162
C:\Users\sainath\Desktop\SM-A2\Sourch codes\1.0.1\freemind 1.0.1\freemind\modes\mindmapmode\actions\EdgeWidthAction.java,123,80,60,12,18,1,25,171,22,162
C:\Users\sainath\Desktop\SM-A2\Sourch codes\1.0.1\freemind 1.0.1\freemind\modes\mindmapmode\actions\EditAction.java,331,239,162,18,39,5,53,264,25,167
C:\Users\sainath\Desktop\SM-A2\Sourch codes\1.0.1\freemind 1.0.1\freemind\modes\mindmapmode\actions\ExportBranchAction.java,143,87,61,7,14,1,42,284,19,145
C:\Users\sainath\Desktop\SM-A2\Sourch codes\1.0.1\freemind 1.0.1\freemind\modes\mindmapmode\actions\FontFamilyAction.java,110,60,43,6,16,0,34,178,21,148
C:\Users\sainath\Desktop\SM-A2\Sourch codes\1.0.1\freemind 1.0.1\freemind\modes\mindmapmode\actions\FontSizeAction.java,113,62,45,7,17,0,34,178,21,148
C:\Users\sainath\Desktop\SM-A2\Sourch codes\1.0.1\freemind 1.0.1\freemind\modes\mindmapmode\actions\FreemindAction.java,82,30,20,1,12,0,40,197,21,148
C:\Users\sainath\Desktop\SM-A2\Sourch codes\1.0.1\freemind 1.0.1\freemind\modes\mindmapmode\actions\HookAction.java,33,4,3,0,3,0,26,158,22,152
C:\Users\sainath\Desktop\SM-A2\Sourch codes\1.0.1\freemind 1.0.1\freemind\modes\mindmapmode\actions\IconAction.java,237,178,117,27,30,0,29,160,21,148
C:\Users\sainath\Desktop\SM-A2\Sourch codes\1.0.1\freemind 1.0.1\freemind\modes\mindmapmode\actions\ImportExplorerFavoritesAction.java,129,83,59,14,12,1,34,208,19,145
C:\Users\sainath\Desktop\SM-A2\Sourch codes\1.0.1\freemind 1.0.1\freemind\modes\mindmapmode\actions\ImportFolderStructureAction.java,123,77,55,10,13,1,33,193,19,145
C:\Users\sainath\Desktop\SM-A2\Sourch codes\1.0.1\freemind 1.0.1\freemind\modes\mindmapmode\actions\ItalicAction.java,92,53,41,6,14,0,25,175,22,162
C:\Users\sainath\Desktop\SM-A2\Sourch codes\1.0.1\freemind 1.0.1\freemind\modes\mindmapmode\actions\JoinNodesAction.java,112,79,58,10,12,0,21,155,19,145
C:\Users\sainath\Desktop\SM-A2\Sourch codes\1.0.1\freemind 1.0.1\freemind\modes\mindmapmode\actions\MindMapActions.java,341,100,93,0,73,1,168,986,19,141
C:\Users\sainath\Desktop\SM-A2\Sourch codes\1.0.1\freemind 1.0.1\freemind\modes\mindmapmode\actions\MindMapControllerHookAction.java,52,21,15,1,9,0,22,152,22,152
C:\Users\sainath\Desktop\SM-A2\Sourch codes\1.0.1\freemind 1.0.1\freemind\modes\mindmapmode\actions\ModeControllerActionHandler.java,79,19,14,0,13,0,47,191,21,148
C:\Users\sainath\Desktop\SM-A2\Sourch codes\1.0.1\freemind 1.0.1\freemind\modes\mindmapmode\actions\MoveNodeAction.java,98,61,41,9,12,0,25,166,22,162
C:\Users\sainath\Desktop\SM-A2\Sourch codes\1.0.1\freemind 1.0.1\freemind\modes\mindmapmode\actions\NewChildAction.java,185,127,92,16,18,0,40,187,21,148
C:\Users\sainath\Desktop\SM-A2\Sourch codes\1.0.1\freemind 1.0.1\freemind\modes\mindmapmode\actions\NewPreviousSiblingAction.java,43,15,11,0,7,0,21,148,21,148
C:\Users\sainath\Desktop\SM-A2\Sourch codes\1.0.1\freemind 1.0.1\freemind\modes\mindmapmode\actions\NewSiblingAction.java,43,15,11,0,7,0,21,148,21,148
C:\Users\sainath\Desktop\SM-A2\Sourch codes\1.0.1\freemind 1.0.1\freemind\modes\mindmapmode\actions\NodeActorXml.java,47,8,7,0,4,0,35,198,25,167
C:\Users\sainath\Desktop\SM-A2\Sourch codes\1.0.1\freemind 1.0.1\freemind\modes\mindmapmode\actions\NodeBackgroundColorAction.java,121,82,56,6,17,1,22,163,22,162
C:\Users\sainath\Desktop\SM-A2\Sourch codes\1.0.1\freemind 1.0.1\freemind\modes\mindmapmode\actions\NodeColorAction.java,103,69,48,7,12,1,22,163,22,162
C:\Users\sainath\Desktop\SM-A2\Sourch codes\1.0.1\freemind 1.0.1\freemind\modes\mindmapmode\actions\NodeColorBlendAction.java,47,13,10,0,6,0,28,157,21,148
C:\Users\sainath\Desktop\SM-A2\Sourch codes\1.0.1\freemind 1.0.1\freemind\modes\mindmapmode\actions\NodeGeneralAction.java,175,102,69,11,23,0,50,247,25,167
C:\Users\sainath\Desktop\SM-A2\Sourch codes\1.0.1\freemind 1.0.1\freemind\modes\mindmapmode\actions\NodeHookAction.java,404,284,195,45,30,0,90,445,21,148
C:\Users\sainath\Desktop\SM-A2\Sourch codes\1.0.1\freemind 1.0.1\freemind\modes\mindmapmode\actions\NodeStyleAction.java,107,70,50,11,13,0,24,180,22,162
C:\Users\sainath\Desktop\SM-A2\Sourch codes\1.0.1\freemind 1.0.1\freemind\modes\mindmapmode\actions\NodeUpAction.java,217,160,118,21,18,0,39,228,21,148
C:\Users\sainath\Desktop\SM-A2\Sourch codes\1.0.1\freemind 1.0.1\freemind\modes\mindmapmode\actions\PasteAction.java,944,664,432,86,101,6,179,894,21,148
C:\Users\sainath\Desktop\SM-A2\Sourch codes\1.0.1\freemind 1.0.1\freemind\modes\mindmapmode\actions\PasteAsPlainTextAction.java,93,47,36,2,13,0,33,177,19,145
C:\Users\sainath\Desktop\SM-A2\Sourch codes\1.0.1\freemind 1.0.1\freemind\modes\mindmapmode\actions\RedoAction.java,48,16,12,0,9,0,23,150,21,148
C:\Users\sainath\Desktop\SM-A2\Sourch codes\1.0.1\freemind 1.0.1\freemind\modes\mindmapmode\actions\RemoveAllIconsAction.java,117,72,50,10,18,0,27,156,21,148
C:\Users\sainath\Desktop\SM-A2\Sourch codes\1.0.1\freemind 1.0.1\freemind\modes\mindmapmode\actions\RemoveArrowLinkAction.java,144,85,62,10,19,0,40,204,26,173
C:\Users\sainath\Desktop\SM-A2\Sourch codes\1.0.1\freemind 1.0.1\freemind\modes\mindmapmode\actions\RemoveIconAction.java,127,73,52,11,20,0,34,169,21,148
C:\Users\sainath\Desktop\SM-A2\Sourch codes\1.0.1\freemind 1.0.1\freemind\modes\mindmapmode\actions\RevertAction.java,183,102,71,9,19,0,62,319,21,148
C:\Users\sainath\Desktop\SM-A2\Sourch codes\1.0.1\freemind 1.0.1\freemind\modes\mindmapmode\actions\SelectAllAction.java,44,14,10,0,8,0,22,142,18,137
C:\Users\sainath\Desktop\SM-A2\Sourch codes\1.0.1\freemind 1.0.1\freemind\modes\mindmapmode\actions\SelectBranchAction.java,43,12,8,0,9,1,22,145,18,137
C:\Users\sainath\Desktop\SM-A2\Sourch codes\1.0.1\freemind 1.0.1\freemind\modes\mindmapmode\actions\SetLinkByTextFieldAction.java,94,56,39,6,12,1,26,180,26,173
C:\Users\sainath\Desktop\SM-A2\Sourch codes\1.0.1\freemind 1.0.1\freemind\modes\mindmapmode\actions\SingleNodeOperation.java,36,6,5,0,3,0,27,169,25,167
C:\Users\sainath\Desktop\SM-A2\Sourch codes\1.0.1\freemind 1.0.1\freemind\modes\mindmapmode\actions\ToggleChildrenFoldedAction.java,49,20,17,0,8,0,21,148,21,148
C:\Users\sainath\Desktop\SM-A2\Sourch codes\1.0.1\freemind 1.0.1\freemind\modes\mindmapmode\actions\ToggleFoldedAction.java,156,106,71,13,21,0,29,177,21,148
C:\Users\sainath\Desktop\SM-A2\Sourch codes\1.0.1\freemind 1.0.1\freemind\modes\mindmapmode\actions\UnderlinedAction.java,93,55,41,6,13,0,25,175,22,162
C:\Users\sainath\Desktop\SM-A2\Sourch codes\1.0.1\freemind 1.0.1\freemind\modes\mindmapmode\actions\UndoAction.java,194,134,102,12,18,1,42,198,22,156
C:\Users\sainath\Desktop\SM-A2\Sourch codes\1.0.1\freemind 1.0.1\freemind\modes\mindmapmode\actions\UndoPasteHandler.java,84,36,26,4,9,0,39,176,19,145
C:\Users\sainath\Desktop\SM-A2\Sourch codes\1.0.1\freemind 1.0.1\freemind\modes\mindmapmode\actions\UsePlainTextAction.java,67,20,13,1,7,0,40,233,21,162
C:\Users\sainath\Desktop\SM-A2\Sourch codes\1.0.1\freemind 1.0.1\freemind\modes\mindmapmode\actions\UseRichFormattingAction.java,66,20,13,1,6,0,40,233,21,162
C:\Users\sainath\Desktop\SM-A2\Sourch codes\1.0.1\freemind 1.0.1\freemind\modes\mindmapmode\actions\xml\AbstractActorXml.java,63,30,22,5,10,0,23,155,23,155
C:\Users\sainath\Desktop\SM-A2\Sourch codes\1.0.1\freemind 1.0.1\freemind\modes\mindmapmode\actions\xml\AbstractXmlAction.java,90,35,25,4,17,0,38,169,21,148
C:\Users\sainath\Desktop\SM-A2\Sourch codes\1.0.1\freemind 1.0.1\freemind\modes\mindmapmode\actions\xml\ActionFactory.java,218,128,94,20,22,0,68,334,21,148
C:\Users\sainath\Desktop\SM-A2\Sourch codes\1.0.1\freemind 1.0.1\freemind\modes\mindmapmode\actions\xml\ActionFilter.java,57,8,5,0,6,0,43,265,21,148
C:\Users\sainath\Desktop\SM-A2\Sourch codes\1.0.1\freemind 1.0.1\freemind\modes\mindmapmode\actions\xml\ActionHandler.java,45,7,6,0,9,0,29,158,21,148
C:\Users\sainath\Desktop\SM-A2\Sourch codes\1.0.1\freemind 1.0.1\freemind\modes\mindmapmode\actions\xml\ActionPair.java,69,25,18,3,12,0,32,161,21,148
C:\Users\sainath\Desktop\SM-A2\Sourch codes\1.0.1\freemind 1.0.1\freemind\modes\mindmapmode\actions\xml\ActorXml.java,41,6,5,0,8,0,27,156,21,148
C:\Users\sainath\Desktop\SM-A2\Sourch codes\1.0.1\freemind 1.0.1\freemind\modes\mindmapmode\actions\xml\PrintActionHandler.java,86,21,15,1,14,0,51,189,21,148
C:\Users\sainath\Desktop\SM-A2\Sourch codes\1.0.1\freemind 1.0.1\freemind\modes\mindmapmode\actions\xml\UndoActionHandler.java,59,27,20,1,8,0,24,151,21,148
C:\Users\sainath\Desktop\SM-A2\Sourch codes\1.0.1\freemind 1.0.1\freemind\modes\mindmapmode\attributeactors\AssignAttributeDialog.java,575,479,368,34,73,0,23,156,23,156
C:\Users\sainath\Desktop\SM-A2\Sourch codes\1.0.1\freemind 1.0.1\freemind\modes\mindmapmode\attributeactors\AttributeManagerDialog.java,310,202,152,4,39,0,69,233,23,156
C:\Users\sainath\Desktop\SM-A2\Sourch codes\1.0.1\freemind 1.0.1\freemind\modes\mindmapmode\attributeactors\AttributeRegistryTable.java,229,159,106,20,25,0,45,199,23,156
C:\Users\sainath\Desktop\SM-A2\Sourch codes\1.0.1\freemind 1.0.1\freemind\modes\mindmapmode\attributeactors\AttributesListener.java,35,6,5,0,6,0,23,155,23,155
C:\Users\sainath\Desktop\SM-A2\Sourch codes\1.0.1\freemind 1.0.1\freemind\modes\mindmapmode\attributeactors\ImportAttributesDialog.java,396,329,234,37,44,0,23,156,23,156
C:\Users\sainath\Desktop\SM-A2\Sourch codes\1.0.1\freemind 1.0.1\freemind\modes\mindmapmode\attributeactors\InsertAttributeActor.java,86,52,35,4,11,0,23,155,23,155
C:\Users\sainath\Desktop\SM-A2\Sourch codes\1.0.1\freemind 1.0.1\freemind\modes\mindmapmode\attributeactors\ListDialog.java,342,239,190,20,32,2,71,324,19,145
C:\Users\sainath\Desktop\SM-A2\Sourch codes\1.0.1\freemind 1.0.1\freemind\modes\mindmapmode\attributeactors\MindMapModeAttributeController.java,477,379,231,34,45,0,53,197,23,155
C:\Users\sainath\Desktop\SM-A2\Sourch codes\1.0.1\freemind 1.0.1\freemind\modes\mindmapmode\attributeactors\RegistryAttributeActor.java,75,41,29,4,11,0,23,155,23,155
C:\Users\sainath\Desktop\SM-A2\Sourch codes\1.0.1\freemind 1.0.1\freemind\modes\mindmapmode\attributeactors\RegistryAttributeValueActor.java,73,39,27,4,11,0,23,155,23,155
C:\Users\sainath\Desktop\SM-A2\Sourch codes\1.0.1\freemind 1.0.1\freemind\modes\mindmapmode\attributeactors\RemoveAttributeActor.java,79,45,33,4,11,0,23,155,23,155
C:\Users\sainath\Desktop\SM-A2\Sourch codes\1.0.1\freemind 1.0.1\freemind\modes\mindmapmode\attributeactors\ReplaceAttributeValueActor.java,73,39,26,4,11,0,23,155,23,155
C:\Users\sainath\Desktop\SM-A2\Sourch codes\1.0.1\freemind 1.0.1\freemind\modes\mindmapmode\attributeactors\SetAttributeColumnWidthActor.java,76,42,28,4,11,0,23,155,23,155
C:\Users\sainath\Desktop\SM-A2\Sourch codes\1.0.1\freemind 1.0.1\freemind\modes\mindmapmode\attributeactors\SetAttributeFontSizeActor.java,68,34,25,4,11,0,23,155,23,155
C:\Users\sainath\Desktop\SM-A2\Sourch codes\1.0.1\freemind 1.0.1\freemind\modes\mindmapmode\attributeactors\SetAttributeNameActor.java,79,45,32,4,11,0,23,155,23,155
C:\Users\sainath\Desktop\SM-A2\Sourch codes\1.0.1\freemind 1.0.1\freemind\modes\mindmapmode\attributeactors\SetAttributeRestrictedActor.java,81,47,34,6,11,0,23,155,23,155
C:\Users\sainath\Desktop\SM-A2\Sourch codes\1.0.1\freemind 1.0.1\freemind\modes\mindmapmode\attributeactors\SetAttributeValueActor.java,77,45,32,4,9,0,23,155,23,155
C:\Users\sainath\Desktop\SM-A2\Sourch codes\1.0.1\freemind 1.0.1\freemind\modes\mindmapmode\attributeactors\SetAttributeVisibleActor.java,72,38,27,4,11,0,23,155,23,155
C:\Users\sainath\Desktop\SM-A2\Sourch codes\1.0.1\freemind 1.0.1\freemind\modes\mindmapmode\attributeactors\UnregistryAttributeActor.java,87,52,38,6,12,0,23,155,23,155
C:\Users\sainath\Desktop\SM-A2\Sourch codes\1.0.1\freemind 1.0.1\freemind\modes\mindmapmode\attributeactors\UnregistryAttributeValueActor.java,71,37,25,4,11,0,23,155,23,155
C:\Users\sainath\Desktop\SM-A2\Sourch codes\1.0.1\freemind 1.0.1\freemind\modes\mindmapmode\dialogs\IntegerComboProperty.java,78,34,26,3,8,0,36,187,19,145
C:\Users\sainath\Desktop\SM-A2\Sourch codes\1.0.1\freemind 1.0.1\freemind\modes\mindmapmode\dialogs\StylePatternFrame.java,701,527,380,39,107,0,67,287,21,148
C:\Users\sainath\Desktop\SM-A2\Sourch codes\1.0.1\freemind 1.0.1\freemind\modes\mindmapmode\hooks\MindMapHookAdapter.java,59,24,19,3,13,0,22,142,18,137
C:\Users\sainath\Desktop\SM-A2\Sourch codes\1.0.1\freemind 1.0.1\freemind\modes\mindmapmode\hooks\MindMapHookFactory.java,401,261,192,37,35,0,105,455,18,137
C:\Users\sainath\Desktop\SM-A2\Sourch codes\1.0.1\freemind 1.0.1\freemind\modes\mindmapmode\hooks\MindMapNodeHookAdapter.java,43,11,8,1,10,0,22,142,18,137
C:\Users\sainath\Desktop\SM-A2\Sourch codes\1.0.1\freemind 1.0.1\freemind\modes\mindmapmode\hooks\PermanentMindMapNodeHookAdapter.java,59,19,14,2,10,0,30,182,18,137
C:\Users\sainath\Desktop\SM-A2\Sourch codes\1.0.1\freemind 1.0.1\freemind\modes\mindmapmode\listeners\MindMapMouseMotionManager.java,116,67,52,5,22,0,27,175,18,137
C:\Users\sainath\Desktop\SM-A2\Sourch codes\1.0.1\freemind 1.0.1\freemind\modes\mindmapmode\listeners\MindMapNodeDropListener.java,285,176,114,26,32,0,77,524,18,137
C:\Users\sainath\Desktop\SM-A2\Sourch codes\1.0.1\freemind 1.0.1\freemind\modes\mindmapmode\listeners\MindMapNodeMotionListener.java,248,192,145,22,26,0,30,183,18,137
C:\Users\sainath\Desktop\SM-A2\Sourch codes\1.0.1\freemind 1.0.1\freemind\modes\schememode\SchemeController.java,144,74,62,6,21,1,49,210,18,137
C:\Users\sainath\Desktop\SM-A2\Sourch codes\1.0.1\freemind 1.0.1\freemind\modes\schememode\SchemeEdgeModel.java,33,9,7,0,5,0,19,145,19,145
C:\Users\sainath\Desktop\SM-A2\Sourch codes\1.0.1\freemind 1.0.1\freemind\modes\schememode\SchemeMapModel.java,175,92,74,10,24,5,59,256,18,137
C:\Users\sainath\Desktop\SM-A2\Sourch codes\1.0.1\freemind 1.0.1\freemind\modes\schememode\SchemeMode.java,84,45,34,6,17,0,22,153,18,137
C:\Users\sainath\Desktop\SM-A2\Sourch codes\1.0.1\freemind 1.0.1\freemind\modes\schememode\SchemeNodeModel.java,119,82,55,19,11,0,26,172,19,145
C:\Users\sainath\Desktop\SM-A2\Sourch codes\1.0.1\freemind 1.0.1\freemind\modes\schememode\SchemePopupMenu.java,36,9,7,0,7,0,20,147,19,145
C:\Users\sainath\Desktop\SM-A2\Sourch codes\1.0.1\freemind 1.0.1\freemind\modes\schememode\SchemeToolBar.java,43,16,14,0,8,0,19,145,19,145
C:\Users\sainath\Desktop\SM-A2\Sourch codes\1.0.1\freemind 1.0.1\freemind\modes\viewmodes\CommonToggleChildrenFoldedAction.java,57,21,17,0,11,0,25,154,21,148
C:\Users\sainath\Desktop\SM-A2\Sourch codes\1.0.1\freemind 1.0.1\freemind\modes\viewmodes\ViewControllerAdapter.java,169,98,77,7,24,1,47,228,21,148
C:\Users\sainath\Desktop\SM-A2\Sourch codes\1.0.1\freemind 1.0.1\freemind\preferences\FreemindPropertyContributor.java,40,6,5,0,6,0,28,168,22,150
C:\Users\sainath\Desktop\SM-A2\Sourch codes\1.0.1\freemind 1.0.1\freemind\preferences\FreemindPropertyListener.java,31,4,3,0,2,0,25,166,21,148
C:\Users\sainath\Desktop\SM-A2\Sourch codes\1.0.1\freemind 1.0.1\freemind\preferences\layout\GrabKeyDialog.java,578,332,231,70,83,22,163,708,21,146
C:\Users\sainath\Desktop\SM-A2\Sourch codes\1.0.1\freemind 1.0.1\freemind\preferences\layout\KeyEventTranslator.java,408,245,151,73,30,13,133,646,21,147
C:\Users\sainath\Desktop\SM-A2\Sourch codes\1.0.1\freemind 1.0.1\freemind\preferences\layout\KeyEventWorkaround.java,257,179,85,51,16,2,62,310,21,148
C:\Users\sainath\Desktop\SM-A2\Sourch codes\1.0.1\freemind 1.0.1\freemind\preferences\layout\OptionPanel.java,1333,825,576,36,241,154,267,986,21,142
C:\Users\sainath\Desktop\SM-A2\Sourch codes\1.0.1\freemind 1.0.1\freemind\preferences\layout\VariableSizeCardLayout.java,78,37,26,5,7,0,34,206,23,155
C:\Users\sainath\Desktop\SM-A2\Sourch codes\1.0.1\freemind 1.0.1\freemind\view\MapModule.java,103,60,44,9,16,1,27,202,18,137
C:\Users\sainath\Desktop\SM-A2\Sourch codes\1.0.1\freemind 1.0.1\freemind\view\mindmapview\ArrowLinkView.java,318,208,139,45,28,7,82,432,19,145
C:\Users\sainath\Desktop\SM-A2\Sourch codes\1.0.1\freemind 1.0.1\freemind\view\mindmapview\BezierEdgeView.java,80,43,34,4,12,2,25,185,19,145
C:\Users\sainath\Desktop\SM-A2\Sourch codes\1.0.1\freemind 1.0.1\freemind\view\mindmapview\BubbleMainView.java,157,88,68,15,23,0,46,204,18,144
C:\Users\sainath\Desktop\SM-A2\Sourch codes\1.0.1\freemind 1.0.1\freemind\view\mindmapview\CloudView.java,222,146,125,20,22,7,54,336,19,145
C:\Users\sainath\Desktop\SM-A2\Sourch codes\1.0.1\freemind 1.0.1\freemind\view\mindmapview\ConvexHull.java,158,115,85,34,11,2,32,203,22,144
C:\Users\sainath\Desktop\SM-A2\Sourch codes\1.0.1\freemind 1.0.1\freemind\view\mindmapview\EdgeView.java,128,74,58,11,20,0,34,191,19,145
C:\Users\sainath\Desktop\SM-A2\Sourch codes\1.0.1\freemind 1.0.1\freemind\view\mindmapview\EditNodeBase.java,335,246,175,29,47,3,42,212,22,156
C:\Users\sainath\Desktop\SM-A2\Sourch codes\1.0.1\freemind 1.0.1\freemind\view\mindmapview\EditNodeDialog.java,337,226,167,14,50,2,61,268,22,156
C:\Users\sainath\Desktop\SM-A2\Sourch codes\1.0.1\freemind 1.0.1\freemind\view\mindmapview\EditNodeExternalApplication.java,120,59,45,3,14,1,47,252,22,156
C:\Users\sainath\Desktop\SM-A2\Sourch codes\1.0.1\freemind 1.0.1\freemind\view\mindmapview\EditNodeTextField.java,384,277,208,22,50,10,57,378,22,156
C:\Users\sainath\Desktop\SM-A2\Sourch codes\1.0.1\freemind 1.0.1\freemind\view\mindmapview\EditNodeWYSIWYG.java,325,215,162,16,32,2,78,299,20,151
C:\Users\sainath\Desktop\SM-A2\Sourch codes\1.0.1\freemind 1.0.1\freemind\view\mindmapview\ForkMainView.java,137,91,69,17,17,0,29,177,18,144
C:\Users\sainath\Desktop\SM-A2\Sourch codes\1.0.1\freemind 1.0.1\freemind\view\mindmapview\IndependantMapViewCreator.java,162,116,96,6,18,3,28,182,19,145
C:\Users\sainath\Desktop\SM-A2\Sourch codes\1.0.1\freemind 1.0.1\freemind\view\mindmapview\LeftNodeViewLayout.java,90,51,40,5,13,0,26,157,23,151
C:\Users\sainath\Desktop\SM-A2\Sourch codes\1.0.1\freemind 1.0.1\freemind\view\mindmapview\LinearEdgeView.java,73,43,37,5,7,0,23,165,19,145
C:\Users\sainath\Desktop\SM-A2\Sourch codes\1.0.1\freemind 1.0.1\freemind\view\mindmapview\MainView.java,365,250,171,50,49,1,66,342,18,144
C:\Users\sainath\Desktop\SM-A2\Sourch codes\1.0.1\freemind 1.0.1\freemind\view\mindmapview\MapView.java,1683,1221,868,221,176,11,286,1334,18,137
C:\Users\sainath\Desktop\SM-A2\Sourch codes\1.0.1\freemind 1.0.1\freemind\view\mindmapview\MindMapLayout.java,125,72,52,10,18,3,35,208,19,145
C:\Users\sainath\Desktop\SM-A2\Sourch codes\1.0.1\freemind 1.0.1\freemind\view\mindmapview\MultipleImage.java,138,74,61,13,14,0,50,264,19,145
C:\Users\sainath\Desktop\SM-A2\Sourch codes\1.0.1\freemind 1.0.1\freemind\view\mindmapview\NodeFoldingComponent.java,328,265,206,24,32,0,31,167,19,145
C:\Users\sainath\Desktop\SM-A2\Sourch codes\1.0.1\freemind 1.0.1\freemind\view\mindmapview\NodeMotionListenerView.java,108,66,54,5,11,0,31,183,19,145
C:\Users\sainath\Desktop\SM-A2\Sourch codes\1.0.1\freemind 1.0.1\freemind\view\mindmapview\NodeView.java,1597,1162,830,267,157,20,278,1249,18,144
C:\Users\sainath\Desktop\SM-A2\Sourch codes\1.0.1\freemind 1.0.1\freemind\view\mindmapview\NodeViewFactory.java,206,153,106,33,31,0,22,158,18,144
C:\Users\sainath\Desktop\SM-A2\Sourch codes\1.0.1\freemind 1.0.1\freemind\view\mindmapview\NodeViewLayout.java,38,10,8,0,7,0,21,149,18,144
C:\Users\sainath\Desktop\SM-A2\Sourch codes\1.0.1\freemind 1.0.1\freemind\view\mindmapview\NodeViewLayoutAdapter.java,395,280,203,45,40,0,75,297,18,144
C:\Users\sainath\Desktop\SM-A2\Sourch codes\1.0.1\freemind 1.0.1\freemind\view\mindmapview\NodeViewVisitor.java,25,4,3,0,3,0,18,144,18,144
C:\Users\sainath\Desktop\SM-A2\Sourch codes\1.0.1\freemind 1.0.1\freemind\view\mindmapview\PathBBox.java,172,124,94,17,7,0,41,301,25,167
C:\Users\sainath\Desktop\SM-A2\Sourch codes\1.0.1\freemind 1.0.1\freemind\view\mindmapview\RightNodeViewLayout.java,92,53,41,5,13,0,26,157,23,151
C:\Users\sainath\Desktop\SM-A2\Sourch codes\1.0.1\freemind 1.0.1\freemind\view\mindmapview\RootMainView.java,156,95,69,13,23,0,38,191,18,144
C:\Users\sainath\Desktop\SM-A2\Sourch codes\1.0.1\freemind 1.0.1\freemind\view\mindmapview\SharpBezierEdgeView.java,121,83,71,5,13,1,25,180,19,145
C:\Users\sainath\Desktop\SM-A2\Sourch codes\1.0.1\freemind 1.0.1\freemind\view\mindmapview\SharpLinearEdgeView.java,50,20,18,1,7,0,23,158,19,145
C:\Users\sainath\Desktop\SM-A2\Sourch codes\1.0.1\freemind 1.0.1\freemind\view\mindmapview\VerticalRootNodeViewLayout.java,125,82,61,10,13,0,30,183,23,151
C:\Users\sainath\Desktop\SM-A2\Sourch codes\1.0.1\freemind 1.0.1\freemind\view\mindmapview\attributeview\AttributePopupMenu.java,269,186,136,25,24,0,59,222,23,156
C:\Users\sainath\Desktop\SM-A2\Sourch codes\1.0.1\freemind 1.0.1\freemind\view\mindmapview\attributeview\AttributeTable.java,567,449,315,79,46,1,72,260,23,151
C:\Users\sainath\Desktop\SM-A2\Sourch codes\1.0.1\freemind 1.0.1\freemind\view\mindmapview\attributeview\AttributeTableCellRenderer.java,95,54,40,11,11,0,30,171,18,144
C:\Users\sainath\Desktop\SM-A2\Sourch codes\1.0.1\freemind 1.0.1\freemind\view\mindmapview\attributeview\AttributeTableModelDecoratorAdapter.java,108,56,42,5,17,0,35,177,23,156
C:\Users\sainath\Desktop\SM-A2\Sourch codes\1.0.1\freemind 1.0.1\freemind\view\mindmapview\attributeview\AttributeView.java,299,216,154,34,33,0,50,205,19,145
C:\Users\sainath\Desktop\SM-A2\Sourch codes\1.0.1\freemind 1.0.1\freemind\view\mindmapview\attributeview\AttributeViewScrollPane.java,53,20,15,3,8,0,25,158,23,156
C:\Users\sainath\Desktop\SM-A2\Sourch codes\1.0.1\freemind 1.0.1\freemind\view\mindmapview\attributeview\ExtendedAttributeTableModelDecorator.java,134,79,55,17,18,0,37,177,23,156
C:\Users\sainath\Desktop\SM-A2\Sourch codes\1.0.1\freemind 1.0.1\freemind\view\mindmapview\attributeview\ReducedAttributeTableModelDecorator.java,155,78,54,15,20,0,57,208,23,156
C:\Users\sainath\Desktop\SM-A2\Sourch codes\1.0.1\freemind 1.0.1\plugins\collaboration\database\DatabaseBasics.java,313,237,180,15,47,0,29,171,21,148
C:\Users\sainath\Desktop\SM-A2\Sourch codes\1.0.1\freemind 1.0.1\plugins\collaboration\database\DatabaseConnectionHook.java,150,72,45,3,30,0,48,210,21,148
C:\Users\sainath\Desktop\SM-A2\Sourch codes\1.0.1\freemind 1.0.1\plugins\collaboration\database\DatabaseConnector.java,121,77,61,7,12,0,32,177,21,148
C:\Users\sainath\Desktop\SM-A2\Sourch codes\1.0.1\freemind 1.0.1\plugins\collaboration\database\DatabaseRegistration.java,113,74,53,16,14,0,25,165,22,152
C:\Users\sainath\Desktop\SM-A2\Sourch codes\1.0.1\freemind 1.0.1\plugins\collaboration\database\DatabaseStarter.java,221,137,99,6,31,0,53,226,21,148
C:\Users\sainath\Desktop\SM-A2\Sourch codes\1.0.1\freemind 1.0.1\plugins\collaboration\database\UpdateThread.java,404,332,243,27,38,2,34,206,22,152
C:\Users\sainath\Desktop\SM-A2\Sourch codes\1.0.1\freemind 1.0.1\plugins\collaboration\jabber\JabberStarter.java,47,13,10,0,6,0,28,157,21,148
C:\Users\sainath\Desktop\SM-A2\Sourch codes\1.0.1\freemind 1.0.1\plugins\collaboration\jabber\mindmap\JabberListener.java,241,161,106,10,26,9,54,315,18,137
C:\Users\sainath\Desktop\SM-A2\Sourch codes\1.0.1\freemind 1.0.1\plugins\collaboration\jabber\mindmap\JabberSender.java,260,135,97,7,29,1,96,471,25,169
C:\Users\sainath\Desktop\SM-A2\Sourch codes\1.0.1\freemind 1.0.1\plugins\collaboration\jabber\mindmap\MapSharingController.java,525,235,152,16,73,5,217,760,25,169
C:\Users\sainath\Desktop\SM-A2\Sourch codes\1.0.1\freemind 1.0.1\plugins\collaboration\jabber\view\MapSharingWizardView.java,593,319,253,6,111,38,163,754,25,169
C:\Users\sainath\Desktop\SM-A2\Sourch codes\1.0.1\freemind 1.0.1\plugins\collaboration\jabber\view\SpringUtilities.java,223,120,83,12,20,4,83,511,19,145
C:\Users\sainath\Desktop\SM-A2\Sourch codes\1.0.1\freemind 1.0.1\plugins\collaboration\socket\ClientCommunication.java,335,235,179,31,18,0,82,341,19,145
C:\Users\sainath\Desktop\SM-A2\Sourch codes\1.0.1\freemind 1.0.1\plugins\collaboration\socket\CommunicationBase.java,252,172,128,21,24,0,56,241,19,145
C:\Users\sainath\Desktop\SM-A2\Sourch codes\1.0.1\freemind 1.0.1\plugins\collaboration\socket\MindMapClient.java,187,109,79,10,17,0,61,218,21,148
C:\Users\sainath\Desktop\SM-A2\Sourch codes\1.0.1\freemind 1.0.1\plugins\collaboration\socket\MindMapMaster.java,429,288,208,21,47,0,94,367,21,148
C:\Users\sainath\Desktop\SM-A2\Sourch codes\1.0.1\freemind 1.0.1\plugins\collaboration\socket\ServerCommunication.java,164,122,94,10,9,0,33,203,21,144
C:\Users\sainath\Desktop\SM-A2\Sourch codes\1.0.1\freemind 1.0.1\plugins\collaboration\socket\SocketBasics.java,431,302,224,30,59,0,70,324,21,148
C:\Users\sainath\Desktop\SM-A2\Sourch codes\1.0.1\freemind 1.0.1\plugins\collaboration\socket\SocketConnectionHook.java,193,84,53,6,37,0,72,246,21,148
C:\Users\sainath\Desktop\SM-A2\Sourch codes\1.0.1\freemind 1.0.1\plugins\collaboration\socket\SocketRegistration.java,113,74,53,16,14,0,25,165,22,152
C:\Users\sainath\Desktop\SM-A2\Sourch codes\1.0.1\freemind 1.0.1\plugins\collaboration\socket\TerminateableThread.java,94,51,38,5,10,0,33,203,19,145
C:\Users\sainath\Desktop\SM-A2\Sourch codes\1.0.1\freemind 1.0.1\plugins\help\FreemindHelpStarter.java,64,25,22,0,9,0,30,172,21,148
C:\Users\sainath\Desktop\SM-A2\Sourch codes\1.0.1\freemind 1.0.1\plugins\latex\JZoomedHotEqn.java,97,84,68,5,13,0,0,0,0,0
C:\Users\sainath\Desktop\SM-A2\Sourch codes\1.0.1\freemind 1.0.1\plugins\latex\LatexNodeHook.java,128,83,65,7,17,0,28,169,20,153
C:\Users\sainath\Desktop\SM-A2\Sourch codes\1.0.1\freemind 1.0.1\plugins\map\AddLinkToMapAction.java,58,21,16,3,7,0,30,167,19,145
C:\Users\sainath\Desktop\SM-A2\Sourch codes\1.0.1\freemind 1.0.1\plugins\map\AddMapImageToNodeAction.java,54,19,15,2,9,0,26,158,19,145
C:\Users\sainath\Desktop\SM-A2\Sourch codes\1.0.1\freemind 1.0.1\plugins\map\FreeMindMapController.java,2671,2020,1311,232,336,8,315,1235,19,145
C:\Users\sainath\Desktop\SM-A2\Sourch codes\1.0.1\freemind 1.0.1\plugins\map\JCursorMapViewer.java,205,134,106,13,27,0,44,188,19,145
C:\Users\sainath\Desktop\SM-A2\Sourch codes\1.0.1\freemind 1.0.1\plugins\map\MapDialog.java,1048,714,524,76,122,2,212,500,0,0
C:\Users\sainath\Desktop\SM-A2\Sourch codes\1.0.1\freemind 1.0.1\plugins\map\MapMarkerBase.java,148,87,71,8,18,0,43,202,19,145
C:\Users\sainath\Desktop\SM-A2\Sourch codes\1.0.1\freemind 1.0.1\plugins\map\MapMarkerLocation.java,69,30,21,4,13,0,26,169,19,145
C:\Users\sainath\Desktop\SM-A2\Sourch codes\1.0.1\freemind 1.0.1\plugins\map\MapNodePositionHolder.java,420,252,182,39,44,0,124,367,19,145
C:\Users\sainath\Desktop\SM-A2\Sourch codes\1.0.1\freemind 1.0.1\plugins\map\MapSearchMarkerLocation.java,95,53,43,5,13,0,29,175,19,145
C:\Users\sainath\Desktop\SM-A2\Sourch codes\1.0.1\freemind 1.0.1\plugins\map\Registration.java,581,406,282,42,67,1,108,353,19,145
C:\Users\sainath\Desktop\SM-A2\Sourch codes\1.0.1\freemind 1.0.1\plugins\map\RemoveMapToNodeAction.java,58,23,19,2,8,0,27,162,19,145
C:\Users\sainath\Desktop\SM-A2\Sourch codes\1.0.1\freemind 1.0.1\plugins\map\SearchInMapForNodeTextAction.java,125,73,51,9,14,0,38,193,19,145
C:\Users\sainath\Desktop\SM-A2\Sourch codes\1.0.1\freemind 1.0.1\plugins\map\ShowMapToNodeAction.java,68,27,21,4,9,0,32,176,19,145
C:\Users\sainath\Desktop\SM-A2\Sourch codes\1.0.1\freemind 1.0.1\plugins\map\TileImage.java,222,155,114,28,23,0,44,207,19,145
C:\Users\sainath\Desktop\SM-A2\Sourch codes\1.0.1\freemind 1.0.1\plugins\script\ScriptEditor.java,192,135,93,16,17,0,40,222,22,158
C:\Users\sainath\Desktop\SM-A2\Sourch codes\1.0.1\freemind 1.0.1\plugins\script\ScriptEditorPanel.java,473,343,254,22,62,1,68,290,22,158
C:\Users\sainath\Desktop\SM-A2\Sourch codes\1.0.1\freemind 1.0.1\plugins\script\ScriptingEngine.java,345,260,175,28,17,0,68,339,21,148
C:\Users\sainath\Desktop\SM-A2\Sourch codes\1.0.1\freemind 1.0.1\plugins\script\ScriptingRegistration.java,223,189,123,15,30,0,4,10,3,3
C:\Users\sainath\Desktop\SM-A2\Sourch codes\1.0.1\freemind 1.0.1\plugins\script\ScriptingSecurityManager.java,227,156,102,18,42,0,29,168,22,152
C:\Users\sainath\Desktop\SM-A2\Sourch codes\1.0.1\freemind 1.0.1\plugins\script\SignedScriptHandler.java,232,181,127,18,17,0,34,199,22,152
C:\Users\sainath\Desktop\SM-A2\Sourch codes\1.0.1\freemind 1.0.1\plugins\svg\ExportPdf.java,216,152,113,19,18,0,46,218,21,148
C:\Users\sainath\Desktop\SM-A2\Sourch codes\1.0.1\freemind 1.0.1\plugins\svg\ExportPdfDialog.java,263,153,132,8,50,2,60,171,3,3
C:\Users\sainath\Desktop\SM-A2\Sourch codes\1.0.1\freemind 1.0.1\plugins\svg\ExportPdfPapers.java,105,47,38,5,16,0,42,142,0,0
C:\Users\sainath\Desktop\SM-A2\Sourch codes\1.0.1\freemind 1.0.1\plugins\svg\ExportSvg.java,74,38,30,2,11,0,25,154,21,148
C:\Users\sainath\Desktop\SM-A2\Sourch codes\1.0.1\freemind 1.0.1\plugins\svg\ExportVectorGraphic.java,174,106,87,6,15,0,53,227,21,148
C:\Users\sainath\Desktop\SM-A2\Sourch codes\1.0.1\freemind 1.0.1\tests\freemind\AllTests.java,58,29,25,2,7,0,22,149,19,145
C:\Users\sainath\Desktop\SM-A2\Sourch codes\1.0.1\freemind 1.0.1\tests\freemind\Base64Tests.java,48,13,11,0,6,0,29,168,22,152
C:\Users\sainath\Desktop\SM-A2\Sourch codes\1.0.1\freemind 1.0.1\tests\freemind\DontShowAgainDialogTests.java,120,76,48,8,18,0,26,160,22,154
C:\Users\sainath\Desktop\SM-A2\Sourch codes\1.0.1\freemind 1.0.1\tests\freemind\ExportTests.java,94,56,49,0,13,0,25,155,19,145
C:\Users\sainath\Desktop\SM-A2\Sourch codes\1.0.1\freemind 1.0.1\tests\freemind\FreeMindMainMock.java,234,148,101,31,55,0,31,175,19,145
C:\Users\sainath\Desktop\SM-A2\Sourch codes\1.0.1\freemind 1.0.1\tests\freemind\FreeMindTaskTests.java,111,53,45,2,16,0,42,191,19,145
C:\Users\sainath\Desktop\SM-A2\Sourch codes\1.0.1\freemind 1.0.1\tests\freemind\FreeMindTestBase.java,58,18,13,1,13,0,27,158,19,145
C:\Users\sainath\Desktop\SM-A2\Sourch codes\1.0.1\freemind 1.0.1\tests\freemind\HtmlConversionTests.java,285,206,93,2,26,1,53,292,19,145
C:\Users\sainath\Desktop\SM-A2\Sourch codes\1.0.1\freemind 1.0.1\tests\freemind\LastOpenedTests.java,43,15,13,0,5,0,23,153,19,145
C:\Users\sainath\Desktop\SM-A2\Sourch codes\1.0.1\freemind 1.0.1\tests\freemind\LastStorageManagementTests.java,88,72,57,4,13,0,3,27,0,0
C:\Users\sainath\Desktop\SM-A2\Sourch codes\1.0.1\freemind 1.0.1\tests\freemind\LayoutTests.java,241,195,172,6,21,1,25,160,19,145
C:\Users\sainath\Desktop\SM-A2\Sourch codes\1.0.1\freemind 1.0.1\tests\freemind\MarshallerTests.java,113,73,42,0,9,0,31,176,22,154
C:\Users\sainath\Desktop\SM-A2\Sourch codes\1.0.1\freemind 1.0.1\tests\freemind\MindMapControllerMock.java,762,236,154,40,118,0,408,886,22,158
C:\Users\sainath\Desktop\SM-A2\Sourch codes\1.0.1\freemind 1.0.1\tests\freemind\MindMapMock.java,219,134,88,22,52,0,33,177,19,145
C:\Users\sainath\Desktop\SM-A2\Sourch codes\1.0.1\freemind 1.0.1\tests\freemind\PrintGraphics.java,438,316,207,31,95,0,27,162,19,145
C:\Users\sainath\Desktop\SM-A2\Sourch codes\1.0.1\freemind 1.0.1\tests\freemind\ScriptEditorPanelTest.java,126,78,55,6,19,0,29,174,22,158
C:\Users\sainath\Desktop\SM-A2\Sourch codes\1.0.1\freemind 1.0.1\tests\freemind\SignedScriptTests.java,44,38,27,0,6,0,0,0,0,0
C:\Users\sainath\Desktop\SM-A2\Sourch codes\1.0.1\freemind 1.0.1\tests\freemind\SplashTests.java,41,14,11,1,5,0,22,153,19,145
C:\Users\sainath\Desktop\SM-A2\Sourch codes\1.0.1\freemind 1.0.1\tests\freemind\ToolsTests.java,316,220,149,5,41,0,55,261,19,145
C:\Users\sainath\Desktop\SM-A2\Sourch codes\1.0.1\freemind 1.0.1\tests\freemind\TransformTest.java,170,126,88,7,21,0,23,160,22,158
C:\Users\sainath\Desktop\SM-A2\Sourch codes\1.0.1\freemind 1.0.1\tests\freemind\findreplace\FindTextTests.java,207,148,97,7,26,2,33,201,19,145
C:\Users\sainath\Desktop\SM-A2\Sourch codes\1.0.1\freemind 1.0.1\tests\freemind\findreplace\TestMindMapNode.java,507,344,227,79,124,0,39,198,19,145
